CREATE DATABASE  IF NOT EXISTS `final_project` /*!40100 DEFAULT CHARACTER SET utf8mb4 COLLATE utf8mb4_0900_ai_ci */ /*!80016 DEFAULT ENCRYPTION='N' */;
USE `final_project`;
-- MySQL dump 10.13  Distrib 8.0.43, for macos15 (arm64)
--
-- Host: localhost    Database: final_project
-- ------------------------------------------------------
-- Server version	9.4.0

/*!40101 SET @OLD_CHARACTER_SET_CLIENT=@@CHARACTER_SET_CLIENT */;
/*!40101 SET @OLD_CHARACTER_SET_RESULTS=@@CHARACTER_SET_RESULTS */;
/*!40101 SET @OLD_COLLATION_CONNECTION=@@COLLATION_CONNECTION */;
/*!50503 SET NAMES utf8 */;
/*!40103 SET @OLD_TIME_ZONE=@@TIME_ZONE */;
/*!40103 SET TIME_ZONE='+00:00' */;
/*!40014 SET @OLD_UNIQUE_CHECKS=@@UNIQUE_CHECKS, UNIQUE_CHECKS=0 */;
/*!40014 SET @OLD_FOREIGN_KEY_CHECKS=@@FOREIGN_KEY_CHECKS, FOREIGN_KEY_CHECKS=0 */;
/*!40101 SET @OLD_SQL_MODE=@@SQL_MODE, SQL_MODE='NO_AUTO_VALUE_ON_ZERO' */;
/*!40111 SET @OLD_SQL_NOTES=@@SQL_NOTES, SQL_NOTES=0 */;

--
-- Table structure for table `assessment`
--

DROP TABLE IF EXISTS `assessment`;
/*!40101 SET @saved_cs_client     = @@character_set_client */;
/*!50503 SET character_set_client = utf8mb4 */;
CREATE TABLE `assessment` (
  `assignment_id` int NOT NULL AUTO_INCREMENT,
  `qqi_module_code` varchar(45) NOT NULL,
  `student_id` int NOT NULL,
  `assignment_1` double DEFAULT NULL,
  `assignment_2` double DEFAULT NULL,
  `exam` double DEFAULT NULL,
  `result` double DEFAULT NULL,
  PRIMARY KEY (`assignment_id`),
  KEY `fk_assessment_student1_idx` (`student_id`),
  KEY `fk_assessment_module1_idx` (`qqi_module_code`),
  CONSTRAINT `fk_assessment_module1` FOREIGN KEY (`qqi_module_code`) REFERENCES `module` (`qqi_module_code`) ON DELETE CASCADE,
  CONSTRAINT `fk_assessment_student1` FOREIGN KEY (`student_id`) REFERENCES `student` (`student_id`) ON DELETE CASCADE
) ENGINE=InnoDB AUTO_INCREMENT=2088 DEFAULT CHARSET=utf8mb4 COLLATE=utf8mb4_0900_ai_ci;
/*!40101 SET character_set_client = @saved_cs_client */;

--
-- Dumping data for table `assessment`
--

LOCK TABLES `assessment` WRITE;
/*!40000 ALTER TABLE `assessment` DISABLE KEYS */;
INSERT INTO `assessment` VALUES (1,'5N0755',1,5,6,9,6.67),(2,'5N0761',1,10,10,10,10),(3,'5N1302',1,10,10,10,10),(4,'5N1356',1,NULL,NULL,NULL,NULL),(5,'5N1373',1,NULL,NULL,NULL,NULL),(6,'5N1615',1,NULL,NULL,NULL,NULL),(7,'5N1862',1,9,5,10,8),(8,'5N1918',1,NULL,NULL,NULL,NULL),(16,'6N1946',2,NULL,NULL,NULL,NULL),(17,'6N1950',2,NULL,NULL,NULL,NULL),(18,'6N5565',2,NULL,NULL,NULL,NULL),(19,'6N5568',2,NULL,NULL,NULL,NULL),(20,'6N5569',2,NULL,NULL,NULL,NULL),(21,'6N5585',2,NULL,NULL,NULL,NULL),(22,'6N6226',2,NULL,NULL,NULL,NULL),(23,'6N6228',2,NULL,NULL,NULL,NULL),(31,'4N1112',3,NULL,NULL,NULL,NULL),(32,'4N1113',3,NULL,NULL,NULL,NULL),(33,'5N0690',3,NULL,NULL,NULL,NULL),(34,'5N1354',3,NULL,NULL,NULL,NULL),(35,'5N1356',3,NULL,NULL,NULL,NULL),(36,'5N1358',3,NULL,NULL,NULL,NULL),(37,'5N1389',3,NULL,NULL,NULL,NULL),(38,'5N1394',3,NULL,NULL,NULL,NULL),(39,'5N1422',3,NULL,NULL,NULL,NULL),(40,'5N1977',3,NULL,NULL,NULL,NULL),(41,'5N2428',3,NULL,NULL,NULL,NULL),(46,'5N0690',4,NULL,NULL,NULL,NULL),(47,'5N0758',4,NULL,NULL,NULL,NULL),(48,'5N1279',4,NULL,NULL,NULL,NULL),(49,'5N1356',4,NULL,NULL,NULL,NULL),(50,'5N1652',4,NULL,NULL,NULL,NULL),(51,'5N1709',4,NULL,NULL,NULL,NULL),(52,'5N1764',4,NULL,NULL,NULL,NULL),(53,'5N1786',4,NULL,NULL,NULL,NULL),(61,'5N0690',5,NULL,NULL,NULL,NULL),(62,'5N0749',5,NULL,NULL,NULL,NULL),(63,'5N1356',5,NULL,NULL,NULL,NULL),(64,'5N1358',5,NULL,NULL,NULL,NULL),(65,'5N1794',5,NULL,NULL,NULL,NULL),(66,'5N2705',5,NULL,NULL,NULL,NULL),(67,'5N2706',5,NULL,NULL,NULL,NULL),(68,'5N3734',5,NULL,NULL,NULL,NULL),(69,'5N4890',5,NULL,NULL,NULL,NULL),(76,'5N0690',7,NULL,NULL,NULL,NULL),(77,'5N1301',7,NULL,NULL,NULL,NULL),(78,'5N1356',7,NULL,NULL,NULL,NULL),(79,'5N1374',7,NULL,NULL,NULL,NULL),(80,'5N1458',7,NULL,NULL,NULL,NULL),(81,'5N1640',7,NULL,NULL,NULL,NULL),(82,'5N1849',7,NULL,NULL,NULL,NULL),(83,'5N1900',7,NULL,NULL,NULL,NULL),(91,'6N1949',9,NULL,NULL,NULL,NULL),(92,'6N1950',9,NULL,NULL,NULL,NULL),(93,'6N3750',9,NULL,NULL,NULL,NULL),(94,'6N3911',9,NULL,NULL,NULL,NULL),(95,'6N3926',9,NULL,NULL,NULL,NULL),(96,'6N4045',9,NULL,NULL,NULL,NULL),(97,'6N4310',9,NULL,NULL,NULL,NULL),(98,'6N4485',9,NULL,NULL,NULL,NULL),(106,'5N0690',10,NULL,NULL,NULL,NULL),(107,'5N0754',10,NULL,NULL,NULL,NULL),(108,'5N0758',10,NULL,NULL,NULL,NULL),(109,'5N0765',10,NULL,NULL,NULL,NULL),(110,'5N1279',10,NULL,NULL,NULL,NULL),(111,'5N1356',10,NULL,NULL,NULL,NULL),(112,'5N1370',10,NULL,NULL,NULL,NULL),(113,'5N1837',10,NULL,NULL,NULL,NULL),(121,'5N0690',11,NULL,NULL,NULL,NULL),(122,'5N0737',11,NULL,NULL,NULL,NULL),(123,'5N1356',11,NULL,NULL,NULL,NULL),(124,'5N1833',11,NULL,NULL,NULL,NULL),(125,'5N2006',11,NULL,NULL,NULL,NULL),(126,'5N2746',11,NULL,NULL,NULL,NULL),(127,'5N2748',11,NULL,NULL,NULL,NULL),(128,'5N5245',11,NULL,NULL,NULL,NULL),(136,'5N0690',12,NULL,NULL,NULL,NULL),(137,'5N1356',12,NULL,NULL,NULL,NULL),(138,'5N1558',12,NULL,NULL,NULL,NULL),(139,'5N1570',12,NULL,NULL,NULL,NULL),(140,'5N1604',12,NULL,NULL,NULL,NULL),(141,'5N1794',12,NULL,NULL,NULL,NULL),(142,'5N1833',12,NULL,NULL,NULL,NULL),(143,'5N1999',12,NULL,NULL,NULL,NULL),(144,'5N4974',12,NULL,NULL,NULL,NULL),(151,'5N1405',13,NULL,NULL,NULL,NULL),(152,'6N1949',13,NULL,NULL,NULL,NULL),(153,'6N1950',13,NULL,NULL,NULL,NULL),(154,'6N3750',13,NULL,NULL,NULL,NULL),(155,'6N3926',13,NULL,NULL,NULL,NULL),(156,'6N4089',13,NULL,NULL,NULL,NULL),(157,'6N4310',13,NULL,NULL,NULL,NULL),(158,'6N4485',13,NULL,NULL,NULL,NULL),(166,'5N0690',15,NULL,NULL,NULL,NULL),(167,'5N0784',15,NULL,NULL,NULL,NULL),(168,'5N1356',15,NULL,NULL,NULL,NULL),(169,'5N1558',15,NULL,NULL,NULL,NULL),(170,'5N1570',15,NULL,NULL,NULL,NULL),(171,'5N1604',15,NULL,NULL,NULL,NULL),(172,'5N1794',15,NULL,NULL,NULL,NULL),(173,'5N1833',15,NULL,NULL,NULL,NULL),(174,'5N1999',15,NULL,NULL,NULL,NULL),(175,'5N4975',15,NULL,NULL,NULL,NULL),(181,'5N0690',16,NULL,NULL,NULL,NULL),(182,'5N1279',16,NULL,NULL,NULL,NULL),(183,'5N1356',16,NULL,NULL,NULL,NULL),(184,'5N1366',16,NULL,NULL,NULL,NULL),(185,'5N1370',16,NULL,NULL,NULL,NULL),(186,'5N1384',16,NULL,NULL,NULL,NULL),(187,'5N2002',16,NULL,NULL,NULL,NULL),(188,'5N2107',16,NULL,NULL,NULL,NULL),(196,'6N1946',17,NULL,NULL,NULL,NULL),(197,'6N1948',17,NULL,NULL,NULL,NULL),(198,'6N3446',17,NULL,NULL,NULL,NULL),(199,'6N3480',17,NULL,NULL,NULL,NULL),(200,'6N3567',17,NULL,NULL,NULL,NULL),(201,'6N3608',17,NULL,NULL,NULL,NULL),(202,'6N3612',17,NULL,NULL,NULL,NULL),(203,'5N0690',18,NULL,NULL,NULL,NULL),(204,'5N0758',18,NULL,NULL,NULL,NULL),(205,'5N1356',18,NULL,NULL,NULL,NULL),(206,'5N1794',18,NULL,NULL,NULL,NULL),(207,'5N2706',18,NULL,NULL,NULL,NULL),(208,'5N2770',18,NULL,NULL,NULL,NULL),(209,'5N3707',18,NULL,NULL,NULL,NULL),(210,'5N3734',18,NULL,NULL,NULL,NULL),(218,'5N0690',19,NULL,NULL,NULL,NULL),(219,'5N0784',19,NULL,NULL,NULL,NULL),(220,'5N1356',19,NULL,NULL,NULL,NULL),(221,'5N1558',19,NULL,NULL,NULL,NULL),(222,'5N1570',19,NULL,NULL,NULL,NULL),(223,'5N1604',19,NULL,NULL,NULL,NULL),(224,'5N1794',19,NULL,NULL,NULL,NULL),(225,'5N1833',19,NULL,NULL,NULL,NULL),(226,'5N1999',19,NULL,NULL,NULL,NULL),(227,'5N4975',19,NULL,NULL,NULL,NULL),(233,'5N0690',20,NULL,NULL,NULL,NULL),(234,'5N1354',20,NULL,NULL,NULL,NULL),(235,'5N1356',20,NULL,NULL,NULL,NULL),(236,'5N1358',20,NULL,NULL,NULL,NULL),(237,'5N1400',20,NULL,NULL,NULL,NULL),(238,'5N1610',20,NULL,NULL,NULL,NULL),(239,'5N1619',20,NULL,NULL,NULL,NULL),(240,'5N1977',20,NULL,NULL,NULL,NULL),(248,'5N0690',21,NULL,NULL,NULL,NULL),(249,'5N0750',21,NULL,NULL,NULL,NULL),(250,'5N0752',21,NULL,NULL,NULL,NULL),(251,'5N0753',21,NULL,NULL,NULL,NULL),(252,'5N1356',21,NULL,NULL,NULL,NULL),(253,'5N1358',21,NULL,NULL,NULL,NULL),(254,'5N1363',21,NULL,NULL,NULL,NULL),(255,'5N1794',21,NULL,NULL,NULL,NULL),(263,'4N1112',22,NULL,NULL,NULL,NULL),(264,'4N1125',22,NULL,NULL,NULL,NULL),(265,'5N0690',22,NULL,NULL,NULL,NULL),(266,'5N0754',22,NULL,NULL,NULL,NULL),(267,'5N1358',22,NULL,NULL,NULL,NULL),(268,'5N1370',22,NULL,NULL,NULL,NULL),(269,'5N1444',22,NULL,NULL,NULL,NULL),(270,'5N1977',22,NULL,NULL,NULL,NULL),(271,'5N2985',22,NULL,NULL,NULL,NULL),(272,'5N3113',22,NULL,NULL,NULL,NULL),(278,'5N0749',23,NULL,NULL,NULL,NULL),(279,'5N0972',23,NULL,NULL,NULL,NULL),(280,'5N1356',23,NULL,NULL,NULL,NULL),(281,'5N1619',23,NULL,NULL,NULL,NULL),(282,'5N3465',23,NULL,NULL,NULL,NULL),(283,'5N3466',23,NULL,NULL,NULL,NULL),(284,'5N3467',23,NULL,NULL,NULL,NULL),(285,'5N3470',23,NULL,NULL,NULL,NULL),(293,'4N1125',24,NULL,NULL,NULL,NULL),(294,'5N0690',24,NULL,NULL,NULL,NULL),(295,'5N0749',24,NULL,NULL,NULL,NULL),(296,'5N1279',24,NULL,NULL,NULL,NULL),(297,'5N1356',24,NULL,NULL,NULL,NULL),(298,'5N1794',24,NULL,NULL,NULL,NULL),(299,'5N2705',24,NULL,NULL,NULL,NULL),(300,'5N2706',24,NULL,NULL,NULL,NULL),(301,'5N4325',24,NULL,NULL,NULL,NULL),(308,'5N0690',25,NULL,NULL,NULL,NULL),(309,'5N1356',25,NULL,NULL,NULL,NULL),(310,'5N1358',25,NULL,NULL,NULL,NULL),(311,'5N1394',25,NULL,NULL,NULL,NULL),(312,'5N1794',25,NULL,NULL,NULL,NULL),(313,'5N2091',25,NULL,NULL,NULL,NULL),(314,'5N2107',25,NULL,NULL,NULL,NULL),(315,'5N3787',25,NULL,NULL,NULL,NULL),(323,'5N0541',26,NULL,NULL,NULL,NULL),(324,'5N0690',26,NULL,NULL,NULL,NULL),(325,'5N1292',26,NULL,NULL,NULL,NULL),(326,'5N1299',26,NULL,NULL,NULL,NULL),(327,'5N1356',26,NULL,NULL,NULL,NULL),(328,'5N1605',26,NULL,NULL,NULL,NULL),(329,'5N1651',26,NULL,NULL,NULL,NULL),(330,'5N2148',26,NULL,NULL,NULL,NULL),(331,'5N5029',26,NULL,NULL,NULL,NULL),(338,'5N0690',27,NULL,NULL,NULL,NULL),(339,'5N0749',27,NULL,NULL,NULL,NULL),(340,'5N0758',27,NULL,NULL,NULL,NULL),(341,'5N1394',27,NULL,NULL,NULL,NULL),(342,'5N1794',27,NULL,NULL,NULL,NULL),(343,'5N3707',27,NULL,NULL,NULL,NULL),(344,'5N3734',27,NULL,NULL,NULL,NULL),(345,'5N3770',27,NULL,NULL,NULL,NULL),(346,'5N3771',27,NULL,NULL,NULL,NULL),(353,'5N0690',28,NULL,NULL,NULL,NULL),(354,'5N1348',28,NULL,NULL,NULL,NULL),(355,'5N1354',28,NULL,NULL,NULL,NULL),(356,'5N1356',28,NULL,NULL,NULL,NULL),(357,'5N1358',28,NULL,NULL,NULL,NULL),(358,'5N1546',28,NULL,NULL,NULL,NULL),(359,'5N1610',28,NULL,NULL,NULL,NULL),(360,'5N1977',28,NULL,NULL,NULL,NULL),(368,'5N0690',29,NULL,NULL,NULL,NULL),(369,'5N0755',29,NULL,NULL,NULL,NULL),(370,'5N0784',29,NULL,NULL,NULL,NULL),(371,'5N1276',29,NULL,NULL,NULL,NULL),(372,'5N1356',29,NULL,NULL,NULL,NULL),(373,'5N1445',29,NULL,NULL,NULL,NULL),(374,'5N1862',29,NULL,NULL,NULL,NULL),(375,'5N3845',29,NULL,NULL,NULL,NULL),(383,'5N0792',30,NULL,NULL,NULL,NULL),(384,'5N1356',30,NULL,NULL,NULL,NULL),(385,'5N2667',30,NULL,NULL,NULL,NULL),(386,'5N2668',30,NULL,NULL,NULL,NULL),(387,'5N3770',30,NULL,NULL,NULL,NULL),(388,'5N3771',30,NULL,NULL,NULL,NULL),(389,'5N4648',30,NULL,NULL,NULL,NULL),(390,'5N5665',30,NULL,NULL,NULL,NULL),(398,'4N1112',32,NULL,NULL,NULL,NULL),(399,'4N1113',32,NULL,NULL,NULL,NULL),(400,'5N0690',32,NULL,NULL,NULL,NULL),(401,'5N1354',32,NULL,NULL,NULL,NULL),(402,'5N1356',32,NULL,NULL,NULL,NULL),(403,'5N1358',32,NULL,NULL,NULL,NULL),(404,'5N1389',32,NULL,NULL,NULL,NULL),(405,'5N1394',32,NULL,NULL,NULL,NULL),(406,'5N1422',32,NULL,NULL,NULL,NULL),(407,'5N1977',32,NULL,NULL,NULL,NULL),(408,'5N2428',32,NULL,NULL,NULL,NULL),(413,'5N0690',33,NULL,NULL,NULL,NULL),(414,'5N0754',33,NULL,NULL,NULL,NULL),(415,'5N0758',33,NULL,NULL,NULL,NULL),(416,'5N0765',33,NULL,NULL,NULL,NULL),(417,'5N1279',33,NULL,NULL,NULL,NULL),(418,'5N1356',33,NULL,NULL,NULL,NULL),(419,'5N1370',33,NULL,NULL,NULL,NULL),(420,'5N1837',33,NULL,NULL,NULL,NULL),(428,'5N0972',34,NULL,NULL,NULL,NULL),(429,'5N1356',34,NULL,NULL,NULL,NULL),(430,'5N1794',34,NULL,NULL,NULL,NULL),(431,'5N3345',34,NULL,NULL,NULL,NULL),(432,'5N3346',34,NULL,NULL,NULL,NULL),(433,'5N3349',34,NULL,NULL,NULL,NULL),(434,'5N3384',34,NULL,NULL,NULL,NULL),(435,'6N1949',35,NULL,NULL,NULL,NULL),(436,'6N1950',35,NULL,NULL,NULL,NULL),(437,'6N3750',35,NULL,NULL,NULL,NULL),(438,'6N3911',35,NULL,NULL,NULL,NULL),(439,'6N3926',35,NULL,NULL,NULL,NULL),(440,'6N4089',35,NULL,NULL,NULL,NULL),(441,'6N4310',35,NULL,NULL,NULL,NULL),(442,'6N4485',35,NULL,NULL,NULL,NULL),(450,'5N0690',36,NULL,NULL,NULL,NULL),(451,'5N1301',36,NULL,NULL,NULL,NULL),(452,'5N1356',36,NULL,NULL,NULL,NULL),(453,'5N1374',36,NULL,NULL,NULL,NULL),(454,'5N1458',36,NULL,NULL,NULL,NULL),(455,'5N1640',36,NULL,NULL,NULL,NULL),(456,'5N1849',36,NULL,NULL,NULL,NULL),(457,'5N1900',36,NULL,NULL,NULL,NULL),(465,'5N0755',37,NULL,NULL,NULL,NULL),(466,'5N0761',37,NULL,NULL,NULL,NULL),(467,'5N1302',37,NULL,NULL,NULL,NULL),(468,'5N1356',37,NULL,NULL,NULL,NULL),(469,'5N1373',37,NULL,NULL,NULL,NULL),(470,'5N1615',37,NULL,NULL,NULL,NULL),(471,'5N1862',37,NULL,NULL,NULL,NULL),(472,'5N1918',37,NULL,NULL,NULL,NULL),(480,'5N0690',38,NULL,NULL,NULL,NULL),(481,'5N0749',38,NULL,NULL,NULL,NULL),(482,'5N1356',38,NULL,NULL,NULL,NULL),(483,'5N1358',38,NULL,NULL,NULL,NULL),(484,'5N1794',38,NULL,NULL,NULL,NULL),(485,'5N2705',38,NULL,NULL,NULL,NULL),(486,'5N2706',38,NULL,NULL,NULL,NULL),(487,'5N3734',38,NULL,NULL,NULL,NULL),(488,'5N4890',38,NULL,NULL,NULL,NULL),(495,'5N0690',39,NULL,NULL,NULL,NULL),(496,'5N1356',39,NULL,NULL,NULL,NULL),(497,'5N1558',39,NULL,NULL,NULL,NULL),(498,'5N1570',39,NULL,NULL,NULL,NULL),(499,'5N1604',39,NULL,NULL,NULL,NULL),(500,'5N1794',39,NULL,NULL,NULL,NULL),(501,'5N1833',39,NULL,NULL,NULL,NULL),(502,'5N1999',39,NULL,NULL,NULL,NULL),(503,'5N4974',39,NULL,NULL,NULL,NULL),(510,'5N0690',40,NULL,NULL,NULL,NULL),(511,'5N1354',40,NULL,NULL,NULL,NULL),(512,'5N1356',40,NULL,NULL,NULL,NULL),(513,'5N1358',40,NULL,NULL,NULL,NULL),(514,'5N1400',40,NULL,NULL,NULL,NULL),(515,'5N1546',40,NULL,NULL,NULL,NULL),(516,'5N1610',40,NULL,NULL,NULL,NULL),(517,'5N1977',40,NULL,NULL,NULL,NULL),(525,'5N0690',41,NULL,NULL,NULL,NULL),(526,'5N0749',41,NULL,NULL,NULL,NULL),(527,'5N0758',41,NULL,NULL,NULL,NULL),(528,'5N1356',41,NULL,NULL,NULL,NULL),(529,'5N1794',41,NULL,NULL,NULL,NULL),(530,'5N3707',41,NULL,NULL,NULL,NULL),(531,'5N3734',41,NULL,NULL,NULL,NULL),(532,'5N3765',41,NULL,NULL,NULL,NULL),(533,'5N3766',41,NULL,NULL,NULL,NULL),(540,'5N0690',42,NULL,NULL,NULL,NULL),(541,'5N0755',42,10,8,7.5,8.5),(542,'5N0784',42,NULL,NULL,NULL,NULL),(543,'5N1276',42,NULL,NULL,NULL,NULL),(544,'5N1356',42,NULL,NULL,NULL,NULL),(545,'5N1445',42,NULL,NULL,NULL,NULL),(546,'5N1862',42,NULL,NULL,NULL,NULL),(547,'5N3845',42,NULL,NULL,NULL,NULL),(555,'5N0972',43,NULL,NULL,NULL,NULL),(556,'5N1356',43,NULL,NULL,NULL,NULL),(557,'5N1794',43,NULL,NULL,NULL,NULL),(558,'5N3345',43,NULL,NULL,NULL,NULL),(559,'5N3346',43,NULL,NULL,NULL,NULL),(560,'5N3348',43,NULL,NULL,NULL,NULL),(561,'5N3349',43,NULL,NULL,NULL,NULL),(562,'5N0690',44,NULL,NULL,NULL,NULL),(563,'5N0758',44,NULL,NULL,NULL,NULL),(564,'5N1279',44,NULL,NULL,NULL,NULL),(565,'5N1356',44,NULL,NULL,NULL,NULL),(566,'5N1652',44,NULL,NULL,NULL,NULL),(567,'5N1709',44,NULL,NULL,NULL,NULL),(568,'5N1764',44,NULL,NULL,NULL,NULL),(569,'5N1786',44,NULL,NULL,NULL,NULL),(577,'5N0690',45,NULL,NULL,NULL,NULL),(578,'5N1356',45,NULL,NULL,NULL,NULL),(579,'5N1358',45,NULL,NULL,NULL,NULL),(580,'5N1394',45,NULL,NULL,NULL,NULL),(581,'5N1794',45,NULL,NULL,NULL,NULL),(582,'5N2091',45,NULL,NULL,NULL,NULL),(583,'5N2107',45,NULL,NULL,NULL,NULL),(584,'5N3787',45,NULL,NULL,NULL,NULL),(592,'5N0690',46,NULL,NULL,NULL,NULL),(593,'5N1356',46,NULL,NULL,NULL,NULL),(594,'5N2006',46,NULL,NULL,NULL,NULL),(595,'5N2667',46,NULL,NULL,NULL,NULL),(596,'5N2668',46,NULL,NULL,NULL,NULL),(597,'5N4646',46,NULL,NULL,NULL,NULL),(598,'5N4648',46,NULL,NULL,NULL,NULL),(599,'5N5665',46,NULL,NULL,NULL,NULL),(607,'5N0690',47,NULL,NULL,NULL,NULL),(608,'5N0784',47,NULL,NULL,NULL,NULL),(609,'5N1356',47,NULL,NULL,NULL,NULL),(610,'5N1558',47,NULL,NULL,NULL,NULL),(611,'5N1570',47,NULL,NULL,NULL,NULL),(612,'5N1604',47,NULL,NULL,NULL,NULL),(613,'5N1794',47,NULL,NULL,NULL,NULL),(614,'5N1833',47,NULL,NULL,NULL,NULL),(615,'5N1999',47,NULL,NULL,NULL,NULL),(616,'5N4975',47,NULL,NULL,NULL,NULL),(622,'5N0690',49,NULL,NULL,NULL,NULL),(623,'5N0758',49,NULL,NULL,NULL,NULL),(624,'5N1279',49,NULL,NULL,NULL,NULL),(625,'5N1356',49,NULL,NULL,NULL,NULL),(626,'5N1652',49,NULL,NULL,NULL,NULL),(627,'5N1709',49,NULL,NULL,NULL,NULL),(628,'5N1764',49,NULL,NULL,NULL,NULL),(629,'5N1786',49,NULL,NULL,NULL,NULL),(637,'5N0690',50,NULL,NULL,NULL,NULL),(638,'5N0784',50,NULL,NULL,NULL,NULL),(639,'5N1356',50,NULL,NULL,NULL,NULL),(640,'5N1558',50,NULL,NULL,NULL,NULL),(641,'5N1570',50,NULL,NULL,NULL,NULL),(642,'5N1604',50,NULL,NULL,NULL,NULL),(643,'5N1794',50,NULL,NULL,NULL,NULL),(644,'5N1833',50,NULL,NULL,NULL,NULL),(645,'5N1999',50,NULL,NULL,NULL,NULL),(646,'5N4975',50,NULL,NULL,NULL,NULL),(652,'5N0690',51,NULL,NULL,NULL,NULL),(653,'5N0737',51,NULL,NULL,NULL,NULL),(654,'5N1356',51,NULL,NULL,NULL,NULL),(655,'5N1833',51,NULL,NULL,NULL,NULL),(656,'5N2006',51,NULL,NULL,NULL,NULL),(657,'5N2746',51,NULL,NULL,NULL,NULL),(658,'5N2748',51,NULL,NULL,NULL,NULL),(659,'5N5245',51,NULL,NULL,NULL,NULL),(667,'4N1112',52,NULL,NULL,NULL,NULL),(668,'4N1113',52,NULL,NULL,NULL,NULL),(669,'5N0690',52,NULL,NULL,NULL,NULL),(670,'5N1354',52,NULL,NULL,NULL,NULL),(671,'5N1356',52,NULL,NULL,NULL,NULL),(672,'5N1358',52,NULL,NULL,NULL,NULL),(673,'5N1389',52,NULL,NULL,NULL,NULL),(674,'5N1422',52,NULL,NULL,NULL,NULL),(675,'5N1977',52,NULL,NULL,NULL,NULL),(682,'5N0690',54,NULL,NULL,NULL,NULL),(683,'5N0755',54,NULL,NULL,NULL,NULL),(684,'5N0764',54,NULL,NULL,NULL,NULL),(685,'5N0784',54,NULL,NULL,NULL,NULL),(686,'5N1292',54,NULL,NULL,NULL,NULL),(687,'5N1356',54,NULL,NULL,NULL,NULL),(688,'5N1862',54,NULL,NULL,NULL,NULL),(689,'5N1919',54,NULL,NULL,NULL,NULL),(697,'5N0690',55,NULL,NULL,NULL,NULL),(698,'5N1356',55,NULL,NULL,NULL,NULL),(699,'5N1379',55,NULL,NULL,NULL,NULL),(700,'5N1564',55,NULL,NULL,NULL,NULL),(701,'5N1605',55,NULL,NULL,NULL,NULL),(702,'5N1640',55,NULL,NULL,NULL,NULL),(703,'5N1900',55,NULL,NULL,NULL,NULL),(704,'5N2148',55,NULL,NULL,NULL,NULL),(712,'6N1946',56,NULL,NULL,NULL,NULL),(713,'6N1950',56,NULL,NULL,NULL,NULL),(714,'6N5565',56,NULL,NULL,NULL,NULL),(715,'6N5568',56,NULL,NULL,NULL,NULL),(716,'6N5569',56,NULL,NULL,NULL,NULL),(717,'6N5585',56,NULL,NULL,NULL,NULL),(718,'6N6226',56,NULL,NULL,NULL,NULL),(719,'6N6228',56,NULL,NULL,NULL,NULL),(727,'6N1946',57,NULL,NULL,NULL,NULL),(728,'6N1948',57,NULL,NULL,NULL,NULL),(729,'6N3446',57,NULL,NULL,NULL,NULL),(730,'6N3480',57,NULL,NULL,NULL,NULL),(731,'6N3567',57,NULL,NULL,NULL,NULL),(732,'6N3608',57,NULL,NULL,NULL,NULL),(733,'6N3612',57,NULL,NULL,NULL,NULL),(734,'5N0690',58,NULL,NULL,NULL,NULL),(735,'5N1279',58,NULL,NULL,NULL,NULL),(736,'5N1356',58,NULL,NULL,NULL,NULL),(737,'5N1366',58,NULL,NULL,NULL,NULL),(738,'5N1370',58,NULL,NULL,NULL,NULL),(739,'5N1384',58,NULL,NULL,NULL,NULL),(740,'5N2002',58,NULL,NULL,NULL,NULL),(741,'5N2107',58,NULL,NULL,NULL,NULL),(749,'6N1949',60,NULL,NULL,NULL,NULL),(750,'6N1950',60,NULL,NULL,NULL,NULL),(751,'6N3750',60,NULL,NULL,NULL,NULL),(752,'6N3911',60,NULL,NULL,NULL,NULL),(753,'6N3926',60,NULL,NULL,NULL,NULL),(754,'6N4045',60,NULL,NULL,NULL,NULL),(755,'6N4310',60,NULL,NULL,NULL,NULL),(756,'6N4485',60,NULL,NULL,NULL,NULL),(764,'5N0541',61,5,8,7,6.67),(765,'5N0580',61,10,8,7,8.33),(766,'5N0690',61,10,8,10,9.33),(767,'5N0783',61,10,8,7,8.33),(768,'5N1356',61,7,8,5,6.67),(769,'5N1367',61,10,10,10,10),(770,'5N18396',61,9,8,6,7.67),(771,'5N2772',61,10,0,0,3.33),(772,'5N2927',61,10,0,0,3.33),(779,'5N0690',62,NULL,NULL,NULL,NULL),(780,'5N0784',62,NULL,NULL,NULL,NULL),(781,'5N1356',62,NULL,NULL,NULL,NULL),(782,'5N1558',62,NULL,NULL,NULL,NULL),(783,'5N1570',62,NULL,NULL,NULL,NULL),(784,'5N1604',62,NULL,NULL,NULL,NULL),(785,'5N1794',62,NULL,NULL,NULL,NULL),(786,'5N1833',62,NULL,NULL,NULL,NULL),(787,'5N1999',62,NULL,NULL,NULL,NULL),(788,'5N4975',62,NULL,NULL,NULL,NULL),(794,'6N1949',63,NULL,NULL,NULL,NULL),(795,'6N1950',63,NULL,NULL,NULL,NULL),(796,'6N3911',63,NULL,NULL,NULL,NULL),(797,'6N3926',63,NULL,NULL,NULL,NULL),(798,'6N4089',63,NULL,NULL,NULL,NULL),(799,'6N4188',63,NULL,NULL,NULL,NULL),(800,'6N4310',63,NULL,NULL,NULL,NULL),(801,'6N4485',63,NULL,NULL,NULL,NULL),(809,'5N0690',64,NULL,NULL,NULL,NULL),(810,'5N0758',64,NULL,NULL,NULL,NULL),(811,'5N1356',64,NULL,NULL,NULL,NULL),(812,'5N1794',64,NULL,NULL,NULL,NULL),(813,'5N2706',64,NULL,NULL,NULL,NULL),(814,'5N2770',64,NULL,NULL,NULL,NULL),(815,'5N3707',64,NULL,NULL,NULL,NULL),(816,'5N3734',64,NULL,NULL,NULL,NULL),(824,'5N0690',66,NULL,NULL,NULL,NULL),(825,'5N0784',66,NULL,NULL,NULL,NULL),(826,'5N1356',66,NULL,NULL,NULL,NULL),(827,'5N1558',66,NULL,NULL,NULL,NULL),(828,'5N1570',66,NULL,NULL,NULL,NULL),(829,'5N1604',66,NULL,NULL,NULL,NULL),(830,'5N1794',66,NULL,NULL,NULL,NULL),(831,'5N1833',66,NULL,NULL,NULL,NULL),(832,'5N1999',66,NULL,NULL,NULL,NULL),(833,'5N4975',66,NULL,NULL,NULL,NULL),(839,'5N0690',67,NULL,NULL,NULL,NULL),(840,'5N0749',67,NULL,NULL,NULL,NULL),(841,'5N0758',67,NULL,NULL,NULL,NULL),(842,'5N1394',67,NULL,NULL,NULL,NULL),(843,'5N1794',67,NULL,NULL,NULL,NULL),(844,'5N3707',67,NULL,NULL,NULL,NULL),(845,'5N3734',67,NULL,NULL,NULL,NULL),(846,'5N3770',67,NULL,NULL,NULL,NULL),(847,'5N3771',67,NULL,NULL,NULL,NULL),(854,'5N0690',68,NULL,NULL,NULL,NULL),(855,'5N1354',68,NULL,NULL,NULL,NULL),(856,'5N1356',68,NULL,NULL,NULL,NULL),(857,'5N1358',68,NULL,NULL,NULL,NULL),(858,'5N1400',68,NULL,NULL,NULL,NULL),(859,'5N1610',68,NULL,NULL,NULL,NULL),(860,'5N1619',68,NULL,NULL,NULL,NULL),(861,'5N1977',68,NULL,NULL,NULL,NULL),(869,'5N0972',69,NULL,NULL,NULL,NULL),(870,'5N1356',69,NULL,NULL,NULL,NULL),(871,'5N1794',69,NULL,NULL,NULL,NULL),(872,'5N3345',69,NULL,NULL,NULL,NULL),(873,'5N3346',69,NULL,NULL,NULL,NULL),(874,'5N3349',69,NULL,NULL,NULL,NULL),(875,'5N3384',69,NULL,NULL,NULL,NULL),(876,'5N0690',70,NULL,NULL,NULL,NULL),(877,'5N0754',70,NULL,NULL,NULL,NULL),(878,'5N0758',70,NULL,NULL,NULL,NULL),(879,'5N0765',70,NULL,NULL,NULL,NULL),(880,'5N1279',70,NULL,NULL,NULL,NULL),(881,'5N1356',70,NULL,NULL,NULL,NULL),(882,'5N1370',70,NULL,NULL,NULL,NULL),(883,'5N1837',70,NULL,NULL,NULL,NULL),(891,'4N1112',71,NULL,NULL,NULL,NULL),(892,'4N1113',71,NULL,NULL,NULL,NULL),(893,'5N0690',71,NULL,NULL,NULL,NULL),(894,'5N1354',71,NULL,NULL,NULL,NULL),(895,'5N1356',71,NULL,NULL,NULL,NULL),(896,'5N1358',71,NULL,NULL,NULL,NULL),(897,'5N1389',71,NULL,NULL,NULL,NULL),(898,'5N1422',71,NULL,NULL,NULL,NULL),(899,'5N1977',71,NULL,NULL,NULL,NULL),(906,'5N0690',72,NULL,NULL,NULL,NULL),(907,'5N0749',72,NULL,NULL,NULL,NULL),(908,'5N1356',72,NULL,NULL,NULL,NULL),(909,'5N1358',72,NULL,NULL,NULL,NULL),(910,'5N1794',72,NULL,NULL,NULL,NULL),(911,'5N2705',72,NULL,NULL,NULL,NULL),(912,'5N2706',72,NULL,NULL,NULL,NULL),(913,'5N3734',72,NULL,NULL,NULL,NULL),(914,'5N4890',72,NULL,NULL,NULL,NULL),(921,'5N0690',73,NULL,NULL,NULL,NULL),(922,'5N0755',73,NULL,NULL,NULL,NULL),(923,'5N0784',73,NULL,NULL,NULL,NULL),(924,'5N1276',73,NULL,NULL,NULL,NULL),(925,'5N1356',73,NULL,NULL,NULL,NULL),(926,'5N1445',73,NULL,NULL,NULL,NULL),(927,'5N1862',73,NULL,NULL,NULL,NULL),(928,'5N3845',73,NULL,NULL,NULL,NULL),(936,'5N0690',74,NULL,NULL,NULL,NULL),(937,'5N1348',74,NULL,NULL,NULL,NULL),(938,'5N1354',74,NULL,NULL,NULL,NULL),(939,'5N1356',74,NULL,NULL,NULL,NULL),(940,'5N1358',74,NULL,NULL,NULL,NULL),(941,'5N1546',74,NULL,NULL,NULL,NULL),(942,'5N1610',74,NULL,NULL,NULL,NULL),(943,'5N1977',74,NULL,NULL,NULL,NULL),(951,'5N0690',75,NULL,NULL,NULL,NULL),(952,'5N1301',75,NULL,NULL,NULL,NULL),(953,'5N1356',75,NULL,NULL,NULL,NULL),(954,'5N1374',75,NULL,NULL,NULL,NULL),(955,'5N1458',75,NULL,NULL,NULL,NULL),(956,'5N1640',75,NULL,NULL,NULL,NULL),(957,'5N1849',75,NULL,NULL,NULL,NULL),(958,'5N1900',75,NULL,NULL,NULL,NULL),(966,'4N1125',76,NULL,NULL,NULL,NULL),(967,'5N0690',76,NULL,NULL,NULL,NULL),(968,'5N0749',76,NULL,NULL,NULL,NULL),(969,'5N1279',76,NULL,NULL,NULL,NULL),(970,'5N1356',76,NULL,NULL,NULL,NULL),(971,'5N1794',76,NULL,NULL,NULL,NULL),(972,'5N2705',76,NULL,NULL,NULL,NULL),(973,'5N2706',76,NULL,NULL,NULL,NULL),(974,'5N4325',76,NULL,NULL,NULL,NULL),(981,'5N0972',77,NULL,NULL,NULL,NULL),(982,'5N1356',77,NULL,NULL,NULL,NULL),(983,'5N1794',77,NULL,NULL,NULL,NULL),(984,'5N3345',77,NULL,NULL,NULL,NULL),(985,'5N3346',77,NULL,NULL,NULL,NULL),(986,'5N3348',77,NULL,NULL,NULL,NULL),(987,'5N3349',77,NULL,NULL,NULL,NULL),(988,'5N0755',78,NULL,NULL,NULL,NULL),(989,'5N0761',78,NULL,NULL,NULL,NULL),(990,'5N1302',78,NULL,NULL,NULL,NULL),(991,'5N1356',78,NULL,NULL,NULL,NULL),(992,'5N1373',78,NULL,NULL,NULL,NULL),(993,'5N1615',78,NULL,NULL,NULL,NULL),(994,'5N1862',78,NULL,NULL,NULL,NULL),(995,'5N1918',78,NULL,NULL,NULL,NULL),(1003,'5N0792',79,NULL,NULL,NULL,NULL),(1004,'5N1356',79,NULL,NULL,NULL,NULL),(1005,'5N2667',79,NULL,NULL,NULL,NULL),(1006,'5N2668',79,NULL,NULL,NULL,NULL),(1007,'5N3770',79,NULL,NULL,NULL,NULL),(1008,'5N3771',79,NULL,NULL,NULL,NULL),(1009,'5N4648',79,NULL,NULL,NULL,NULL),(1010,'5N5665',79,NULL,NULL,NULL,NULL),(1018,'6N1949',80,NULL,NULL,NULL,NULL),(1019,'6N1950',80,NULL,NULL,NULL,NULL),(1020,'6N3750',80,NULL,NULL,NULL,NULL),(1021,'6N3911',80,NULL,NULL,NULL,NULL),(1022,'6N3926',80,NULL,NULL,NULL,NULL),(1023,'6N4089',80,NULL,NULL,NULL,NULL),(1024,'6N4310',80,NULL,NULL,NULL,NULL),(1025,'6N4485',80,NULL,NULL,NULL,NULL),(1033,'4N1112',81,NULL,NULL,NULL,NULL),(1034,'4N1125',81,NULL,NULL,NULL,NULL),(1035,'5N0690',81,NULL,NULL,NULL,NULL),(1036,'5N0754',81,NULL,NULL,NULL,NULL),(1037,'5N1358',81,NULL,NULL,NULL,NULL),(1038,'5N1370',81,NULL,NULL,NULL,NULL),(1039,'5N1444',81,NULL,NULL,NULL,NULL),(1040,'5N1977',81,NULL,NULL,NULL,NULL),(1041,'5N2985',81,NULL,NULL,NULL,NULL),(1042,'5N3113',81,NULL,NULL,NULL,NULL),(1048,'4N1112',83,NULL,NULL,NULL,NULL),(1049,'4N1113',83,NULL,NULL,NULL,NULL),(1050,'5N0690',83,NULL,NULL,NULL,NULL),(1051,'5N1354',83,NULL,NULL,NULL,NULL),(1052,'5N1356',83,NULL,NULL,NULL,NULL),(1053,'5N1358',83,NULL,NULL,NULL,NULL),(1054,'5N1389',83,NULL,NULL,NULL,NULL),(1055,'5N1394',83,NULL,NULL,NULL,NULL),(1056,'5N1422',83,NULL,NULL,NULL,NULL),(1057,'5N1977',83,NULL,NULL,NULL,NULL),(1058,'5N2428',83,NULL,NULL,NULL,NULL),(1063,'5N0690',84,NULL,NULL,NULL,NULL),(1064,'5N0750',84,NULL,NULL,NULL,NULL),(1065,'5N0752',84,NULL,NULL,NULL,NULL),(1066,'5N0753',84,NULL,NULL,NULL,NULL),(1067,'5N1356',84,NULL,NULL,NULL,NULL),(1068,'5N1358',84,NULL,NULL,NULL,NULL),(1069,'5N1363',84,NULL,NULL,NULL,NULL),(1070,'5N1794',84,NULL,NULL,NULL,NULL),(1078,'6N1949',86,NULL,NULL,NULL,NULL),(1079,'6N1950',86,NULL,NULL,NULL,NULL),(1080,'6N3750',86,NULL,NULL,NULL,NULL),(1081,'6N3911',86,NULL,NULL,NULL,NULL),(1082,'6N3926',86,NULL,NULL,NULL,NULL),(1083,'6N4045',86,NULL,NULL,NULL,NULL),(1084,'6N4310',86,NULL,NULL,NULL,NULL),(1085,'6N4485',86,NULL,NULL,NULL,NULL),(1093,'5N0690',87,NULL,NULL,NULL,NULL),(1094,'5N0784',87,NULL,NULL,NULL,NULL),(1095,'5N1356',87,NULL,NULL,NULL,NULL),(1096,'5N1558',87,NULL,NULL,NULL,NULL),(1097,'5N1570',87,NULL,NULL,NULL,NULL),(1098,'5N1604',87,NULL,NULL,NULL,NULL),(1099,'5N1794',87,NULL,NULL,NULL,NULL),(1100,'5N1833',87,NULL,NULL,NULL,NULL),(1101,'5N1999',87,NULL,NULL,NULL,NULL),(1102,'5N4975',87,NULL,NULL,NULL,NULL),(1108,'5N0690',88,NULL,NULL,NULL,NULL),(1109,'5N0784',88,NULL,NULL,NULL,NULL),(1110,'5N1356',88,NULL,NULL,NULL,NULL),(1111,'5N1558',88,NULL,NULL,NULL,NULL),(1112,'5N1570',88,NULL,NULL,NULL,NULL),(1113,'5N1604',88,NULL,NULL,NULL,NULL),(1114,'5N1794',88,NULL,NULL,NULL,NULL),(1115,'5N1833',88,NULL,NULL,NULL,NULL),(1116,'5N1999',88,NULL,NULL,NULL,NULL),(1117,'5N4975',88,NULL,NULL,NULL,NULL),(1123,'5N0690',89,NULL,NULL,NULL,NULL),(1124,'5N1356',89,NULL,NULL,NULL,NULL),(1125,'5N2006',89,NULL,NULL,NULL,NULL),(1126,'5N2667',89,NULL,NULL,NULL,NULL),(1127,'5N2668',89,NULL,NULL,NULL,NULL),(1128,'5N4646',89,NULL,NULL,NULL,NULL),(1129,'5N4648',89,NULL,NULL,NULL,NULL),(1130,'5N5665',89,NULL,NULL,NULL,NULL),(1138,'5N0690',91,NULL,NULL,NULL,NULL),(1139,'5N0758',91,NULL,NULL,NULL,NULL),(1140,'5N1279',91,NULL,NULL,NULL,NULL),(1141,'5N1356',91,NULL,NULL,NULL,NULL),(1142,'5N1652',91,NULL,NULL,NULL,NULL),(1143,'5N1709',91,NULL,NULL,NULL,NULL),(1144,'5N1764',91,NULL,NULL,NULL,NULL),(1145,'5N1786',91,NULL,NULL,NULL,NULL),(1153,'5N0690',92,NULL,NULL,NULL,NULL),(1154,'5N0758',92,NULL,NULL,NULL,NULL),(1155,'5N1356',92,NULL,NULL,NULL,NULL),(1156,'5N1794',92,NULL,NULL,NULL,NULL),(1157,'5N2706',92,NULL,NULL,NULL,NULL),(1158,'5N2770',92,NULL,NULL,NULL,NULL),(1159,'5N3707',92,NULL,NULL,NULL,NULL),(1160,'5N3734',92,NULL,NULL,NULL,NULL),(1168,'5N0690',93,NULL,NULL,NULL,NULL),(1169,'5N1356',93,NULL,NULL,NULL,NULL),(1170,'5N1358',93,NULL,NULL,NULL,NULL),(1171,'5N1394',93,NULL,NULL,NULL,NULL),(1172,'5N1794',93,NULL,NULL,NULL,NULL),(1173,'5N2091',93,NULL,NULL,NULL,NULL),(1174,'5N2107',93,NULL,NULL,NULL,NULL),(1175,'5N3787',93,NULL,NULL,NULL,NULL),(1183,'5N0690',94,NULL,NULL,NULL,NULL),(1184,'5N1356',94,NULL,NULL,NULL,NULL),(1185,'5N1558',94,NULL,NULL,NULL,NULL),(1186,'5N1570',94,NULL,NULL,NULL,NULL),(1187,'5N1604',94,NULL,NULL,NULL,NULL),(1188,'5N1794',94,NULL,NULL,NULL,NULL),(1189,'5N1833',94,NULL,NULL,NULL,NULL),(1190,'5N1999',94,NULL,NULL,NULL,NULL),(1191,'5N4974',94,NULL,NULL,NULL,NULL),(1198,'5N0690',95,NULL,NULL,NULL,NULL),(1199,'5N0755',95,NULL,NULL,NULL,NULL),(1200,'5N0764',95,NULL,NULL,NULL,NULL),(1201,'5N0784',95,NULL,NULL,NULL,NULL),(1202,'5N1292',95,NULL,NULL,NULL,NULL),(1203,'5N1356',95,NULL,NULL,NULL,NULL),(1204,'5N1862',95,NULL,NULL,NULL,NULL),(1205,'5N1919',95,NULL,NULL,NULL,NULL),(1213,'5N0541',96,NULL,NULL,NULL,NULL),(1214,'5N0690',96,NULL,NULL,NULL,NULL),(1215,'5N1292',96,NULL,NULL,NULL,NULL),(1216,'5N1299',96,NULL,NULL,NULL,NULL),(1217,'5N1356',96,NULL,NULL,NULL,NULL),(1218,'5N1605',96,NULL,NULL,NULL,NULL),(1219,'5N1651',96,NULL,NULL,NULL,NULL),(1220,'5N2148',96,NULL,NULL,NULL,NULL),(1221,'5N5029',96,10,10,9,9.67),(1228,'5N1405',97,NULL,NULL,NULL,NULL),(1229,'6N1949',97,NULL,NULL,NULL,NULL),(1230,'6N1950',97,NULL,NULL,NULL,NULL),(1231,'6N3750',97,NULL,NULL,NULL,NULL),(1232,'6N3926',97,NULL,NULL,NULL,NULL),(1233,'6N4089',97,NULL,NULL,NULL,NULL),(1234,'6N4310',97,NULL,NULL,NULL,NULL),(1235,'6N4485',97,NULL,NULL,NULL,NULL),(1243,'5N0690',98,NULL,NULL,NULL,NULL),(1244,'5N1356',98,NULL,NULL,NULL,NULL),(1245,'5N1358',98,NULL,NULL,NULL,NULL),(1246,'5N1394',98,NULL,NULL,NULL,NULL),(1247,'5N1794',98,NULL,NULL,NULL,NULL),(1248,'5N2091',98,NULL,NULL,NULL,NULL),(1249,'5N2107',98,NULL,NULL,NULL,NULL),(1250,'5N3787',98,NULL,NULL,NULL,NULL),(1258,'5N0749',99,NULL,NULL,NULL,NULL),(1259,'5N0972',99,NULL,NULL,NULL,NULL),(1260,'5N1356',99,NULL,NULL,NULL,NULL),(1261,'5N1619',99,NULL,NULL,NULL,NULL),(1262,'5N3465',99,NULL,NULL,NULL,NULL),(1263,'5N3466',99,NULL,NULL,NULL,NULL),(1264,'5N3467',99,NULL,NULL,NULL,NULL),(1265,'5N3470',99,NULL,NULL,NULL,NULL),(1273,'5N0690',100,NULL,NULL,NULL,NULL),(1274,'5N0784',100,NULL,NULL,NULL,NULL),(1275,'5N1356',100,NULL,NULL,NULL,NULL),(1276,'5N1558',100,NULL,NULL,NULL,NULL),(1277,'5N1570',100,NULL,NULL,NULL,NULL),(1278,'5N1604',100,NULL,NULL,NULL,NULL),(1279,'5N1794',100,NULL,NULL,NULL,NULL),(1280,'5N1833',100,NULL,NULL,NULL,NULL),(1281,'5N1999',100,NULL,NULL,NULL,NULL),(1282,'5N4975',100,NULL,NULL,NULL,NULL),(1288,'5N0690',102,NULL,NULL,NULL,NULL),(1289,'5N1354',102,NULL,NULL,NULL,NULL),(1290,'5N1356',102,NULL,NULL,NULL,NULL),(1291,'5N1358',102,NULL,NULL,NULL,NULL),(1292,'5N1400',102,NULL,NULL,NULL,NULL),(1293,'5N1546',102,NULL,NULL,NULL,NULL),(1294,'5N1610',102,NULL,NULL,NULL,NULL),(1295,'5N1977',102,NULL,NULL,NULL,NULL),(1303,'5N0690',103,NULL,NULL,NULL,NULL),(1304,'5N0758',103,NULL,NULL,NULL,NULL),(1305,'5N1279',103,NULL,NULL,NULL,NULL),(1306,'5N1356',103,NULL,NULL,NULL,NULL),(1307,'5N1652',103,NULL,NULL,NULL,NULL),(1308,'5N1709',103,NULL,NULL,NULL,NULL),(1309,'5N1764',103,NULL,NULL,NULL,NULL),(1310,'5N1786',103,NULL,NULL,NULL,NULL),(1318,'5N0690',105,NULL,NULL,NULL,NULL),(1319,'5N1356',105,NULL,NULL,NULL,NULL),(1320,'5N1379',105,NULL,NULL,NULL,NULL),(1321,'5N1564',105,NULL,NULL,NULL,NULL),(1322,'5N1605',105,NULL,NULL,NULL,NULL),(1323,'5N1640',105,NULL,NULL,NULL,NULL),(1324,'5N1900',105,NULL,NULL,NULL,NULL),(1325,'5N2148',105,NULL,NULL,NULL,NULL),(1333,'5N0690',106,NULL,NULL,NULL,NULL),(1334,'5N0737',106,NULL,NULL,NULL,NULL),(1335,'5N1356',106,NULL,NULL,NULL,NULL),(1336,'5N1833',106,NULL,NULL,NULL,NULL),(1337,'5N2006',106,NULL,NULL,NULL,NULL),(1338,'5N2746',106,NULL,NULL,NULL,NULL),(1339,'5N2748',106,NULL,NULL,NULL,NULL),(1340,'5N5245',106,NULL,NULL,NULL,NULL),(1348,'5N0690',107,NULL,NULL,NULL,NULL),(1349,'5N0755',107,NULL,NULL,NULL,NULL),(1350,'5N0784',107,NULL,NULL,NULL,NULL),(1351,'5N1276',107,NULL,NULL,NULL,NULL),(1352,'5N1356',107,NULL,NULL,NULL,NULL),(1353,'5N1445',107,NULL,NULL,NULL,NULL),(1354,'5N1862',107,NULL,NULL,NULL,NULL),(1355,'5N3845',107,NULL,NULL,NULL,NULL),(1363,'6N1949',108,NULL,NULL,NULL,NULL),(1364,'6N1950',108,NULL,NULL,NULL,NULL),(1365,'6N3750',108,NULL,NULL,NULL,NULL),(1366,'6N3911',108,NULL,NULL,NULL,NULL),(1367,'6N3926',108,NULL,NULL,NULL,NULL),(1368,'6N4089',108,NULL,NULL,NULL,NULL),(1369,'6N4310',108,NULL,NULL,NULL,NULL),(1370,'6N4485',108,NULL,NULL,NULL,NULL),(1378,'5N0690',109,NULL,NULL,NULL,NULL),(1379,'5N0749',109,NULL,NULL,NULL,NULL),(1380,'5N0758',109,NULL,NULL,NULL,NULL),(1381,'5N1394',109,NULL,NULL,NULL,NULL),(1382,'5N1794',109,NULL,NULL,NULL,NULL),(1383,'5N3707',109,NULL,NULL,NULL,NULL),(1384,'5N3734',109,NULL,NULL,NULL,NULL),(1385,'5N3770',109,NULL,NULL,NULL,NULL),(1386,'5N3771',109,NULL,NULL,NULL,NULL),(1393,'5N0690',110,NULL,NULL,NULL,NULL),(1394,'5N0784',110,NULL,NULL,NULL,NULL),(1395,'5N1356',110,NULL,NULL,NULL,NULL),(1396,'5N1558',110,NULL,NULL,NULL,NULL),(1397,'5N1570',110,NULL,NULL,NULL,NULL),(1398,'5N1604',110,NULL,NULL,NULL,NULL),(1399,'5N1794',110,NULL,NULL,NULL,NULL),(1400,'5N1833',110,NULL,NULL,NULL,NULL),(1401,'5N1999',110,NULL,NULL,NULL,NULL),(1402,'5N4975',110,NULL,NULL,NULL,NULL),(1408,'4N1112',111,NULL,NULL,NULL,NULL),(1409,'4N1113',111,NULL,NULL,NULL,NULL),(1410,'5N0690',111,NULL,NULL,NULL,NULL),(1411,'5N1354',111,NULL,NULL,NULL,NULL),(1412,'5N1356',111,NULL,NULL,NULL,NULL),(1413,'5N1358',111,NULL,NULL,NULL,NULL),(1414,'5N1389',111,NULL,NULL,NULL,NULL),(1415,'5N1422',111,NULL,NULL,NULL,NULL),(1416,'5N1977',111,NULL,NULL,NULL,NULL),(1423,'5N0972',112,NULL,NULL,NULL,NULL),(1424,'5N1356',112,NULL,NULL,NULL,NULL),(1425,'5N1794',112,NULL,NULL,NULL,NULL),(1426,'5N3345',112,NULL,NULL,NULL,NULL),(1427,'5N3346',112,NULL,NULL,NULL,NULL),(1428,'5N3349',112,NULL,NULL,NULL,NULL),(1429,'5N3384',112,NULL,NULL,NULL,NULL),(1430,'6N1946',113,NULL,NULL,NULL,NULL),(1431,'6N1950',113,NULL,NULL,NULL,NULL),(1432,'6N5565',113,NULL,NULL,NULL,NULL),(1433,'6N5568',113,NULL,NULL,NULL,NULL),(1434,'6N5569',113,NULL,NULL,NULL,NULL),(1435,'6N5585',113,NULL,NULL,NULL,NULL),(1436,'6N6226',113,NULL,NULL,NULL,NULL),(1437,'6N6228',113,NULL,NULL,NULL,NULL),(1445,'6N1949',114,NULL,NULL,NULL,NULL),(1446,'6N1950',114,NULL,NULL,NULL,NULL),(1447,'6N3911',114,NULL,NULL,NULL,NULL),(1448,'6N3926',114,NULL,NULL,NULL,NULL),(1449,'6N4089',114,NULL,NULL,NULL,NULL),(1450,'6N4188',114,NULL,NULL,NULL,NULL),(1451,'6N4310',114,NULL,NULL,NULL,NULL),(1452,'6N4485',114,NULL,NULL,NULL,NULL),(1460,'5N0972',115,NULL,NULL,NULL,NULL),(1461,'5N1356',115,NULL,NULL,NULL,NULL),(1462,'5N1794',115,NULL,NULL,NULL,NULL),(1463,'5N3345',115,NULL,NULL,NULL,NULL),(1464,'5N3346',115,NULL,NULL,NULL,NULL),(1465,'5N3348',115,NULL,NULL,NULL,NULL),(1466,'5N3349',115,NULL,NULL,NULL,NULL),(1467,'4N1125',116,NULL,NULL,NULL,NULL),(1468,'5N0690',116,NULL,NULL,NULL,NULL),(1469,'5N0749',116,NULL,NULL,NULL,NULL),(1470,'5N1279',116,NULL,NULL,NULL,NULL),(1471,'5N1356',116,NULL,NULL,NULL,NULL),(1472,'5N1794',116,NULL,NULL,NULL,NULL),(1473,'5N2705',116,NULL,NULL,NULL,NULL),(1474,'5N2706',116,NULL,NULL,NULL,NULL),(1475,'5N4325',116,NULL,NULL,NULL,NULL),(1482,'5N0690',117,0,0,0,0),(1483,'5N1301',117,0,0,0,0),(1484,'5N1356',117,NULL,NULL,NULL,NULL),(1485,'5N1374',117,0,0,0,0),(1486,'5N1458',117,0,0,0,0),(1487,'5N1640',117,1,0,0,0.33),(1488,'5N1849',117,0,0,0,0),(1489,'5N1900',117,NULL,NULL,NULL,NULL),(1497,'5N0690',118,NULL,NULL,NULL,NULL),(1498,'5N1356',118,NULL,NULL,NULL,NULL),(1499,'5N1358',118,NULL,NULL,NULL,NULL),(1500,'5N1394',118,NULL,NULL,NULL,NULL),(1501,'5N1794',118,NULL,NULL,NULL,NULL),(1502,'5N2091',118,NULL,NULL,NULL,NULL),(1503,'5N2107',118,NULL,NULL,NULL,NULL),(1504,'5N3787',118,NULL,NULL,NULL,NULL),(1512,'5N0690',119,NULL,NULL,NULL,NULL),(1513,'5N0755',119,NULL,NULL,NULL,NULL),(1514,'5N0784',119,NULL,NULL,NULL,NULL),(1515,'5N1276',119,NULL,NULL,NULL,NULL),(1516,'5N1356',119,NULL,NULL,NULL,NULL),(1517,'5N1445',119,NULL,NULL,NULL,NULL),(1518,'5N1862',119,NULL,NULL,NULL,NULL),(1519,'5N3845',119,NULL,NULL,NULL,NULL),(1527,'5N0690',120,NULL,NULL,NULL,NULL),(1528,'5N0784',120,NULL,NULL,NULL,NULL),(1529,'5N1356',120,NULL,NULL,NULL,NULL),(1530,'5N1558',120,NULL,NULL,NULL,NULL),(1531,'5N1570',120,NULL,NULL,NULL,NULL),(1532,'5N1604',120,NULL,NULL,NULL,NULL),(1533,'5N1794',120,NULL,NULL,NULL,NULL),(1534,'5N1833',120,NULL,NULL,NULL,NULL),(1535,'5N1999',120,NULL,NULL,NULL,NULL),(1536,'5N4975',120,NULL,NULL,NULL,NULL),(1542,'5N0690',141,NULL,NULL,NULL,NULL),(1543,'5N0758',141,NULL,NULL,NULL,NULL),(1544,'5N1356',141,NULL,NULL,NULL,NULL),(1545,'5N1794',141,NULL,NULL,NULL,NULL),(1546,'5N2706',141,NULL,NULL,NULL,NULL),(1547,'5N2770',141,NULL,NULL,NULL,NULL),(1548,'5N3707',141,NULL,NULL,NULL,NULL),(1549,'5N3734',141,NULL,NULL,NULL,NULL),(1557,'5N0755',142,NULL,NULL,NULL,NULL),(1558,'5N0761',142,NULL,NULL,NULL,NULL),(1559,'5N1302',142,NULL,NULL,NULL,NULL),(1560,'5N1356',142,NULL,NULL,NULL,NULL),(1561,'5N1373',142,NULL,NULL,NULL,NULL),(1562,'5N1615',142,NULL,NULL,NULL,NULL),(1563,'5N1862',142,NULL,NULL,NULL,NULL),(1564,'5N1918',142,NULL,NULL,NULL,NULL),(1572,'6N1949',144,NULL,NULL,NULL,NULL),(1573,'6N1950',144,NULL,NULL,NULL,NULL),(1574,'6N3911',144,NULL,NULL,NULL,NULL),(1575,'6N3926',144,NULL,NULL,NULL,NULL),(1576,'6N4089',144,NULL,NULL,NULL,NULL),(1577,'6N4188',144,NULL,NULL,NULL,NULL),(1578,'6N4310',144,NULL,NULL,NULL,NULL),(1579,'6N4485',144,NULL,NULL,NULL,NULL),(1587,'5N0690',145,NULL,NULL,NULL,NULL),(1588,'5N1301',145,NULL,NULL,NULL,NULL),(1589,'5N1356',145,NULL,NULL,NULL,NULL),(1590,'5N1374',145,NULL,NULL,NULL,NULL),(1591,'5N1458',145,NULL,NULL,NULL,NULL),(1592,'5N1640',145,NULL,NULL,NULL,NULL),(1593,'5N1849',145,NULL,NULL,NULL,NULL),(1594,'5N1900',145,NULL,NULL,NULL,NULL),(1602,'6N1949',146,NULL,NULL,NULL,NULL),(1603,'6N1950',146,NULL,NULL,NULL,NULL),(1604,'6N3750',146,NULL,NULL,NULL,NULL),(1605,'6N3911',146,NULL,NULL,NULL,NULL),(1606,'6N3926',146,NULL,NULL,NULL,NULL),(1607,'6N4045',146,NULL,NULL,NULL,NULL),(1608,'6N4310',146,NULL,NULL,NULL,NULL),(1609,'6N4485',146,NULL,NULL,NULL,NULL),(1617,'5N0690',147,NULL,NULL,NULL,NULL),(1618,'5N0737',147,NULL,NULL,NULL,NULL),(1619,'5N1356',147,NULL,NULL,NULL,NULL),(1620,'5N1833',147,NULL,NULL,NULL,NULL),(1621,'5N2006',147,NULL,NULL,NULL,NULL),(1622,'5N2746',147,NULL,NULL,NULL,NULL),(1623,'5N2748',147,NULL,NULL,NULL,NULL),(1624,'5N5245',147,NULL,NULL,NULL,NULL),(1632,'5N0690',149,NULL,NULL,NULL,NULL),(1633,'5N0784',149,NULL,NULL,NULL,NULL),(1634,'5N1356',149,NULL,NULL,NULL,NULL),(1635,'5N1558',149,NULL,NULL,NULL,NULL),(1636,'5N1570',149,NULL,NULL,NULL,NULL),(1637,'5N1604',149,NULL,NULL,NULL,NULL),(1638,'5N1794',149,NULL,NULL,NULL,NULL),(1639,'5N1833',149,NULL,NULL,NULL,NULL),(1640,'5N1999',149,NULL,NULL,NULL,NULL),(1641,'5N4975',149,NULL,NULL,NULL,NULL),(1647,'4N1112',150,NULL,NULL,NULL,NULL),(1648,'4N1113',150,NULL,NULL,NULL,NULL),(1649,'5N0690',150,NULL,NULL,NULL,NULL),(1650,'5N1354',150,NULL,NULL,NULL,NULL),(1651,'5N1356',150,NULL,NULL,NULL,NULL),(1652,'5N1358',150,NULL,NULL,NULL,NULL),(1653,'5N1389',150,NULL,NULL,NULL,NULL),(1654,'5N1422',150,NULL,NULL,NULL,NULL),(1655,'5N1977',150,NULL,NULL,NULL,NULL),(1662,'5N0690',151,NULL,NULL,NULL,NULL),(1663,'5N0754',151,NULL,NULL,NULL,NULL),(1664,'5N0758',151,NULL,NULL,NULL,NULL),(1665,'5N0765',151,NULL,NULL,NULL,NULL),(1666,'5N1279',151,NULL,NULL,NULL,NULL),(1667,'5N1356',151,NULL,NULL,NULL,NULL),(1668,'5N1370',151,NULL,NULL,NULL,NULL),(1669,'5N1837',151,NULL,NULL,NULL,NULL),(1677,'5N0690',152,NULL,NULL,NULL,NULL),(1678,'5N1356',152,NULL,NULL,NULL,NULL),(1679,'5N1558',152,NULL,NULL,NULL,NULL),(1680,'5N1570',152,NULL,NULL,NULL,NULL),(1681,'5N1604',152,NULL,NULL,NULL,NULL),(1682,'5N1794',152,NULL,NULL,NULL,NULL),(1683,'5N1833',152,NULL,NULL,NULL,NULL),(1684,'5N1999',152,NULL,NULL,NULL,NULL),(1685,'5N4974',152,NULL,NULL,NULL,NULL),(1692,'5N0690',153,NULL,NULL,NULL,NULL),(1693,'5N1279',153,NULL,NULL,NULL,NULL),(1694,'5N1356',153,NULL,NULL,NULL,NULL),(1695,'5N1366',153,NULL,NULL,NULL,NULL),(1696,'5N1370',153,NULL,NULL,NULL,NULL),(1697,'5N1384',153,NULL,NULL,NULL,NULL),(1698,'5N2002',153,NULL,NULL,NULL,NULL),(1699,'5N2107',153,NULL,NULL,NULL,NULL),(1707,'5N0972',154,NULL,NULL,NULL,NULL),(1708,'5N1356',154,NULL,NULL,NULL,NULL),(1709,'5N1794',154,NULL,NULL,NULL,NULL),(1710,'5N3345',154,NULL,NULL,NULL,NULL),(1711,'5N3346',154,NULL,NULL,NULL,NULL),(1712,'5N3349',154,NULL,NULL,NULL,NULL),(1713,'5N3384',154,NULL,NULL,NULL,NULL),(1714,'5N0541',155,9,10,10,9.67),(1715,'5N0580',155,6,8,10,8),(1716,'5N0690',155,7,6,10,7.67),(1717,'5N0783',155,9,8,6,7.67),(1718,'5N1356',155,10,8,7,8.33),(1719,'5N1367',155,10,10,10,10),(1720,'5N18396',155,10,7,6,7.67),(1721,'5N2772',155,NULL,NULL,NULL,NULL),(1722,'5N2927',155,8,0,0,2.67),(1729,'5N0690',156,NULL,NULL,NULL,NULL),(1730,'5N1354',156,NULL,NULL,NULL,NULL),(1731,'5N1356',156,NULL,NULL,NULL,NULL),(1732,'5N1358',156,NULL,NULL,NULL,NULL),(1733,'5N1400',156,NULL,NULL,NULL,NULL),(1734,'5N1610',156,NULL,NULL,NULL,NULL),(1735,'5N1619',156,NULL,NULL,NULL,NULL),(1736,'5N1977',156,NULL,NULL,NULL,NULL),(1744,'6N1946',158,NULL,NULL,NULL,NULL),(1745,'6N1950',158,NULL,NULL,NULL,NULL),(1746,'6N5565',158,NULL,NULL,NULL,NULL),(1747,'6N5568',158,NULL,NULL,NULL,NULL),(1748,'6N5569',158,NULL,NULL,NULL,NULL),(1749,'6N5585',158,NULL,NULL,NULL,NULL),(1750,'6N6226',158,NULL,NULL,NULL,NULL),(1751,'6N6228',158,NULL,NULL,NULL,NULL),(1759,'5N0690',159,NULL,NULL,NULL,NULL),(1760,'5N0755',159,NULL,NULL,NULL,NULL),(1761,'5N0784',159,NULL,NULL,NULL,NULL),(1762,'5N1276',159,NULL,NULL,NULL,NULL),(1763,'5N1356',159,NULL,NULL,NULL,NULL),(1764,'5N1445',159,NULL,NULL,NULL,NULL),(1765,'5N1862',159,NULL,NULL,NULL,NULL),(1766,'5N3845',159,NULL,NULL,NULL,NULL),(1774,'5N0690',160,NULL,NULL,NULL,NULL),(1775,'5N0784',160,NULL,NULL,NULL,NULL),(1776,'5N1356',160,NULL,NULL,NULL,NULL),(1777,'5N1558',160,NULL,NULL,NULL,NULL),(1778,'5N1570',160,NULL,NULL,NULL,NULL),(1779,'5N1604',160,NULL,NULL,NULL,NULL),(1780,'5N1794',160,NULL,NULL,NULL,NULL),(1781,'5N1833',160,NULL,NULL,NULL,NULL),(1782,'5N1999',160,NULL,NULL,NULL,NULL),(1783,'5N4975',160,NULL,NULL,NULL,NULL),(1789,'5N0690',121,NULL,NULL,NULL,NULL),(1790,'5N0749',121,NULL,NULL,NULL,NULL),(1791,'5N1356',121,NULL,NULL,NULL,NULL),(1792,'5N1358',121,NULL,NULL,NULL,NULL),(1793,'5N1794',121,NULL,NULL,NULL,NULL),(1794,'5N2705',121,NULL,NULL,NULL,NULL),(1795,'5N2706',121,NULL,NULL,NULL,NULL),(1796,'5N3734',121,NULL,NULL,NULL,NULL),(1797,'5N4890',121,NULL,NULL,NULL,NULL),(1804,'5N0690',122,NULL,NULL,NULL,NULL),(1805,'5N0758',122,NULL,NULL,NULL,NULL),(1806,'5N1279',122,NULL,NULL,NULL,NULL),(1807,'5N1356',122,NULL,NULL,NULL,NULL),(1808,'5N1652',122,NULL,NULL,NULL,NULL),(1809,'5N1709',122,NULL,NULL,NULL,NULL),(1810,'5N1764',122,NULL,NULL,NULL,NULL),(1811,'5N1786',122,NULL,NULL,NULL,NULL),(1819,'5N0690',123,NULL,NULL,NULL,NULL),(1820,'5N1356',123,NULL,NULL,NULL,NULL),(1821,'5N1379',123,NULL,NULL,NULL,NULL),(1822,'5N1564',123,NULL,NULL,NULL,NULL),(1823,'5N1605',123,NULL,NULL,NULL,NULL),(1824,'5N1640',123,NULL,NULL,NULL,NULL),(1825,'5N1900',123,NULL,NULL,NULL,NULL),(1826,'5N2148',123,NULL,NULL,NULL,NULL),(1834,'5N0690',124,NULL,NULL,NULL,NULL),(1835,'5N1348',124,NULL,NULL,NULL,NULL),(1836,'5N1354',124,NULL,NULL,NULL,NULL),(1837,'5N1356',124,NULL,NULL,NULL,NULL),(1838,'5N1358',124,NULL,NULL,NULL,NULL),(1839,'5N1546',124,NULL,NULL,NULL,NULL),(1840,'5N1610',124,NULL,NULL,NULL,NULL),(1841,'5N1977',124,NULL,NULL,NULL,NULL),(1849,'5N0690',125,NULL,NULL,NULL,NULL),(1850,'5N0749',125,NULL,NULL,NULL,NULL),(1851,'5N0758',125,NULL,NULL,NULL,NULL),(1852,'5N1394',125,NULL,NULL,NULL,NULL),(1853,'5N1794',125,NULL,NULL,NULL,NULL),(1854,'5N3707',125,NULL,NULL,NULL,NULL),(1855,'5N3734',125,NULL,NULL,NULL,NULL),(1856,'5N3770',125,NULL,NULL,NULL,NULL),(1857,'5N3771',125,NULL,NULL,NULL,NULL),(1864,'5N0690',127,NULL,NULL,NULL,NULL),(1865,'5N1356',127,NULL,NULL,NULL,NULL),(1866,'5N1358',127,NULL,NULL,NULL,NULL),(1867,'5N1394',127,NULL,NULL,NULL,NULL),(1868,'5N1794',127,NULL,NULL,NULL,NULL),(1869,'5N2091',127,NULL,NULL,NULL,NULL),(1870,'5N2107',127,NULL,NULL,NULL,NULL),(1871,'5N3787',127,NULL,NULL,NULL,NULL),(1879,'5N0749',128,NULL,NULL,NULL,NULL),(1880,'5N0972',128,NULL,NULL,NULL,NULL),(1881,'5N1356',128,NULL,NULL,NULL,NULL),(1882,'5N1619',128,NULL,NULL,NULL,NULL),(1883,'5N3465',128,NULL,NULL,NULL,NULL),(1884,'5N3466',128,NULL,NULL,NULL,NULL),(1885,'5N3467',128,NULL,NULL,NULL,NULL),(1886,'5N3470',128,NULL,NULL,NULL,NULL),(1894,'4N1112',129,NULL,NULL,NULL,NULL),(1895,'4N1125',129,NULL,NULL,NULL,NULL),(1896,'5N0690',129,NULL,NULL,NULL,NULL),(1897,'5N0754',129,NULL,NULL,NULL,NULL),(1898,'5N1358',129,NULL,NULL,NULL,NULL),(1899,'5N1370',129,NULL,NULL,NULL,NULL),(1900,'5N1444',129,NULL,NULL,NULL,NULL),(1901,'5N1977',129,NULL,NULL,NULL,NULL),(1902,'5N2985',129,NULL,NULL,NULL,NULL),(1903,'5N3113',129,NULL,NULL,NULL,NULL),(1909,'5N0792',130,NULL,NULL,NULL,NULL),(1910,'5N1356',130,NULL,NULL,NULL,NULL),(1911,'5N2667',130,NULL,NULL,NULL,NULL),(1912,'5N2668',130,NULL,NULL,NULL,NULL),(1913,'5N3770',130,NULL,NULL,NULL,NULL),(1914,'5N3771',130,NULL,NULL,NULL,NULL),(1915,'5N4648',130,NULL,NULL,NULL,NULL),(1916,'5N5665',130,NULL,NULL,NULL,NULL),(1924,'4N1125',131,NULL,NULL,NULL,NULL),(1925,'5N0690',131,NULL,NULL,NULL,NULL),(1926,'5N0749',131,NULL,NULL,NULL,NULL),(1927,'5N1279',131,NULL,NULL,NULL,NULL),(1928,'5N1356',131,NULL,NULL,NULL,NULL),(1929,'5N1794',131,NULL,NULL,NULL,NULL),(1930,'5N2705',131,NULL,NULL,NULL,NULL),(1931,'5N2706',131,NULL,NULL,NULL,NULL),(1932,'5N4325',131,NULL,NULL,NULL,NULL),(1939,'5N0690',132,NULL,NULL,NULL,NULL),(1940,'5N1354',132,NULL,NULL,NULL,NULL),(1941,'5N1356',132,NULL,NULL,NULL,NULL),(1942,'5N1358',132,NULL,NULL,NULL,NULL),(1943,'5N1400',132,NULL,NULL,NULL,NULL),(1944,'5N1546',132,NULL,NULL,NULL,NULL),(1945,'5N1610',132,NULL,NULL,NULL,NULL),(1946,'5N1977',132,NULL,NULL,NULL,NULL),(1954,'5N0690',133,NULL,NULL,NULL,NULL),(1955,'5N0784',133,NULL,NULL,NULL,NULL),(1956,'5N1356',133,NULL,NULL,NULL,NULL),(1957,'5N1558',133,NULL,NULL,NULL,NULL),(1958,'5N1570',133,NULL,NULL,NULL,NULL),(1959,'5N1604',133,NULL,NULL,NULL,NULL),(1960,'5N1794',133,NULL,NULL,NULL,NULL),(1961,'5N1833',133,NULL,NULL,NULL,NULL),(1962,'5N1999',133,NULL,NULL,NULL,NULL),(1963,'5N4975',133,NULL,NULL,NULL,NULL),(1969,'5N0690',134,NULL,NULL,NULL,NULL),(1970,'5N0755',134,NULL,NULL,NULL,NULL),(1971,'5N0764',134,NULL,NULL,NULL,NULL),(1972,'5N0784',134,NULL,NULL,NULL,NULL),(1973,'5N1292',134,NULL,NULL,NULL,NULL),(1974,'5N1356',134,NULL,NULL,NULL,NULL),(1975,'5N1862',134,NULL,NULL,NULL,NULL),(1976,'5N1919',134,NULL,NULL,NULL,NULL),(1984,'5N0690',135,NULL,NULL,NULL,NULL),(1985,'5N0750',135,NULL,NULL,NULL,NULL),(1986,'5N0752',135,NULL,NULL,NULL,NULL),(1987,'5N0753',135,NULL,NULL,NULL,NULL),(1988,'5N1356',135,NULL,NULL,NULL,NULL),(1989,'5N1358',135,NULL,NULL,NULL,NULL),(1990,'5N1363',135,NULL,NULL,NULL,NULL),(1991,'5N1794',135,NULL,NULL,NULL,NULL),(1999,'5N0972',136,NULL,NULL,NULL,NULL),(2000,'5N1356',136,NULL,NULL,NULL,NULL),(2001,'5N1794',136,NULL,NULL,NULL,NULL),(2002,'5N3345',136,NULL,NULL,NULL,NULL),(2003,'5N3346',136,NULL,NULL,NULL,NULL),(2004,'5N3348',136,NULL,NULL,NULL,NULL),(2005,'5N3349',136,NULL,NULL,NULL,NULL),(2006,'6N1949',137,0,0,0,0),(2007,'6N1950',137,8,7,7,7.33),(2008,'6N3750',137,10,9,0,6.33),(2009,'6N3911',137,8,9.5,10,9.17),(2010,'6N3926',137,0,7,0,2.33),(2011,'6N4089',137,NULL,NULL,NULL,NULL),(2012,'6N4310',137,10,10,10,10),(2013,'6N4485',137,6,0,0,2),(2021,'5N0690',138,NULL,NULL,NULL,NULL),(2022,'5N0749',138,NULL,NULL,NULL,NULL),(2023,'5N0758',138,NULL,NULL,NULL,NULL),(2024,'5N1356',138,NULL,NULL,NULL,NULL),(2025,'5N1794',138,NULL,NULL,NULL,NULL),(2026,'5N3707',138,NULL,NULL,NULL,NULL),(2027,'5N3734',138,NULL,NULL,NULL,NULL),(2028,'5N3765',138,NULL,NULL,NULL,NULL),(2029,'5N3766',138,NULL,NULL,NULL,NULL),(2036,'5N0541',139,NULL,NULL,NULL,NULL),(2037,'5N0690',139,NULL,NULL,NULL,NULL),(2038,'5N1292',139,NULL,NULL,NULL,NULL),(2039,'5N1299',139,NULL,NULL,NULL,NULL),(2040,'5N1356',139,NULL,NULL,NULL,NULL),(2041,'5N1605',139,NULL,NULL,NULL,NULL),(2042,'5N1651',139,NULL,NULL,NULL,NULL),(2043,'5N2148',139,NULL,NULL,NULL,NULL),(2044,'5N5029',139,NULL,NULL,NULL,NULL),(2051,'5N0690',140,NULL,NULL,NULL,NULL),(2052,'5N1356',140,NULL,NULL,NULL,NULL),(2053,'5N1358',140,NULL,NULL,NULL,NULL),(2054,'5N1394',140,NULL,NULL,NULL,NULL),(2055,'5N1794',140,NULL,NULL,NULL,NULL),(2056,'5N2091',140,NULL,NULL,NULL,NULL),(2057,'5N2107',140,NULL,NULL,NULL,NULL),(2058,'5N3787',140,NULL,NULL,NULL,NULL);
/*!40000 ALTER TABLE `assessment` ENABLE KEYS */;
UNLOCK TABLES;

--
-- Table structure for table `class_group`
--

DROP TABLE IF EXISTS `class_group`;
/*!40101 SET @saved_cs_client     = @@character_set_client */;
/*!50503 SET character_set_client = utf8mb4 */;
CREATE TABLE `class_group` (
  `class_group_code` int NOT NULL AUTO_INCREMENT,
  `course_id` int NOT NULL,
  PRIMARY KEY (`class_group_code`),
  KEY `fk_class_group_course1_idx` (`course_id`),
  CONSTRAINT `fk_class_group_course1` FOREIGN KEY (`course_id`) REFERENCES `course` (`course_id`) ON DELETE CASCADE
) ENGINE=InnoDB AUTO_INCREMENT=49 DEFAULT CHARSET=utf8mb4 COLLATE=utf8mb4_0900_ai_ci;
/*!40101 SET character_set_client = @saved_cs_client */;

--
-- Dumping data for table `class_group`
--

LOCK TABLES `class_group` WRITE;
/*!40000 ALTER TABLE `class_group` DISABLE KEYS */;
INSERT INTO `class_group` VALUES (1,1),(2,2),(3,3),(4,4),(5,5),(6,6),(7,7),(8,8),(9,9),(10,10),(11,11),(12,12),(13,13),(14,14),(15,15),(16,16),(17,17),(18,18),(19,19),(20,20),(21,21),(22,22),(23,23),(24,24),(25,25),(26,26),(27,27),(28,28),(29,29),(30,30),(31,31),(32,32),(33,33),(34,34),(35,35),(36,36),(37,37),(38,38),(39,39),(40,40),(41,41),(42,42),(43,43),(44,44),(45,45),(46,46),(47,47),(48,48);
/*!40000 ALTER TABLE `class_group` ENABLE KEYS */;
UNLOCK TABLES;

--
-- Table structure for table `course`
--

DROP TABLE IF EXISTS `course`;
/*!40101 SET @saved_cs_client     = @@character_set_client */;
/*!50503 SET character_set_client = utf8mb4 */;
CREATE TABLE `course` (
  `course_id` int NOT NULL AUTO_INCREMENT,
  `qqi_course_code` varchar(45) NOT NULL,
  `course_name` varchar(120) NOT NULL,
  `course_level` varchar(45) DEFAULT NULL,
  `start_date` varchar(45) DEFAULT NULL,
  PRIMARY KEY (`course_id`)
) ENGINE=InnoDB AUTO_INCREMENT=49 DEFAULT CHARSET=utf8mb4 COLLATE=utf8mb4_0900_ai_ci;
/*!40101 SET character_set_client = @saved_cs_client */;

--
-- Dumping data for table `course`
--

LOCK TABLES `course` WRITE;
/*!40000 ALTER TABLE `course` DISABLE KEYS */;
INSERT INTO `course` VALUES (1,'5M0529','Programming and Software Development with Cyber Security','5','2026-09-01'),(2,'5M1940','Computer Aided Design and Architectural Technology','5','2026-09-01'),(3,'5M3782','Applied Health Sciences','5','2026-09-01'),(4,'6M5153','Advanced Certificate in Animal Science','6','2026-09-01'),(5,'5M2768','Animal Care: Introduction to Dog Grooming','5','2026-09-01'),(6,'5M4468','Emergency Care Services','5','2026-09-01'),(7,'5M3782','Healthcare Assistant (Health Service Skills)','5','2026-09-01'),(8,'5M4349','Nursing Studies','5','2026-09-01'),(9,'5M5267','Nutrition, Dietetics and Food Science','5','2026-09-01'),(10,'5M3782','Occupational Therapy Assistant','5','2026-09-01'),(11,'5M3782','Physiotherapy Assistant','5','2026-09-01'),(12,'5M1985','Art and Design: Portfolio Preparation','5','2026-09-01'),(13,'5M5054','Interior Design','5','2026-09-01'),(14,'5M2181','Applied Social Studies','5','2026-09-01'),(15,'5M4468','Classroom Assistant','5','2026-09-01'),(16,'5M3114','Pre-University Arts','5','2026-09-01'),(17,'5M4732','Social Studies and Youth Work','5','2026-09-01'),(18,'5M4468','Special Needs Assistant','5','2026-09-01'),(19,'6M4985','Advanced Certificate in Business Management and Accounting','6','2026-09-01'),(20,'6M4985','Advanced Certificate in Business Management and Information Systems','6','2026-09-01'),(21,'6M4985','Advanced Certificate in Business Management with PR','6','2026-09-01'),(22,'6M4985','Advanced Certificate in Management, Law and HR','6','2026-09-01'),(23,'5M2102','Business Accounting','5','2026-09-01'),(24,'5M2102','Business Studies','5','2026-09-01'),(25,'5M2102','Business Studies - Marketing and Sales','5','2026-09-01'),(26,'5M3789','Law and Criminology','5','2026-09-01'),(27,'5M1997','Office Administration - Medical / Legal Secretarial','5','2026-09-01'),(28,'5M1997','Office Administration - Secretarial','5','2026-09-01'),(29,'5M3789','Pre-University Law','5','2026-09-01'),(30,'6M4508','Advanced Certificate in Fashion Buying, Styling and Visual Merch','6','2026-09-01'),(31,'5M3865','Fashion Design','5','2026-09-01'),(32,'5M3865','Fashion Design and Dress Making','5','2026-09-01'),(33,'6M3479','Advanced Beauty Aesthetics (Non-Medical)','6','2026-09-01'),(34,'5M3471','Beauty Therapy ITEC and QQI','5','2026-09-01'),(35,'5M5265','Fashion and Photographic Make-up and Eyelash Extensions','5','2026-09-01'),(36,'5M3351','Hairdressing (Junior Trades)','5','2026-09-01'),(37,'5M3351','Hairdressing and Barbering Year 1','5','2026-09-01'),(38,'5M3351','Hairdressing and Barbering Year 2','5','2026-09-01'),(39,'5M18519','Film and TV','5','2026-09-01'),(40,'5M5048','Games Development and Design (Creative Media)','5','2026-09-01'),(41,'5M2011','Music Performance and Production','5','2026-09-01'),(42,'5M2149','Studio and Live Sound Production','5','2026-09-01'),(43,'5M5146','ITEC Gym Instructor and Personal Trainer with Sports Science','5','2026-09-01'),(44,'5M5146','Sports Rehabilitation and Injury Prevention ITEC','5','2026-09-01'),(45,'5M5010','Apprenticeship Preparatory Programme: Carpentry/Plumbing/Electrical','5','2026-09-01'),(46,'5M5010','Construction Technology / Civil Engineering','5','2026-09-01'),(47,'5M5010','Construction Technology: Renewable Energies and Engineering','5','2026-09-01'),(48,'5M5010','Pre-University Engineering','5','2026-09-01');
/*!40000 ALTER TABLE `course` ENABLE KEYS */;
UNLOCK TABLES;

--
-- Table structure for table `course_has_module`
--

DROP TABLE IF EXISTS `course_has_module`;
/*!40101 SET @saved_cs_client     = @@character_set_client */;
/*!50503 SET character_set_client = utf8mb4 */;
CREATE TABLE `course_has_module` (
  `qqi_module_code` varchar(45) NOT NULL,
  `course_id` int NOT NULL,
  PRIMARY KEY (`qqi_module_code`,`course_id`),
  KEY `fk_course_has_module_module1_idx` (`qqi_module_code`),
  KEY `fk_course_has_module_course1_idx` (`course_id`),
  CONSTRAINT `fk_course_has_module_course1` FOREIGN KEY (`course_id`) REFERENCES `course` (`course_id`) ON DELETE CASCADE,
  CONSTRAINT `fk_course_has_module_module1` FOREIGN KEY (`qqi_module_code`) REFERENCES `module` (`qqi_module_code`)
) ENGINE=InnoDB DEFAULT CHARSET=utf8mb4 COLLATE=utf8mb4_0900_ai_ci;
/*!40101 SET character_set_client = @saved_cs_client */;

--
-- Dumping data for table `course_has_module`
--

LOCK TABLES `course_has_module` WRITE;
/*!40000 ALTER TABLE `course_has_module` DISABLE KEYS */;
INSERT INTO `course_has_module` VALUES ('5N0541',1),('5N0580',1),('5N0690',1),('5N0783',1),('5N1356',1),('5N1367',1),('5N18396',1),('5N2772',1),('5N2927',1),('5N0690',2),('5N0784',2),('5N1356',2),('5N1558',2),('5N1570',2),('5N1604',2),('5N1794',2),('5N1833',2),('5N1999',2),('5N4975',2),('6N1946',4),('6N1950',4),('6N5565',4),('6N5568',4),('6N5569',4),('6N5585',4),('6N6226',4),('6N6228',4),('5N0690',5),('5N0750',5),('5N0752',5),('5N0753',5),('5N1356',5),('5N1358',5),('5N1363',5),('5N1794',5),('5N0690',6),('5N0749',6),('5N1356',6),('5N1358',6),('5N1794',6),('5N2705',6),('5N2706',6),('5N3734',6),('5N4890',6),('5N0690',7),('5N0758',7),('5N1356',7),('5N1794',7),('5N2706',7),('5N2770',7),('5N3707',7),('5N3734',7),('4N1125',8),('5N0690',8),('5N0749',8),('5N1279',8),('5N1356',8),('5N1794',8),('5N2705',8),('5N2706',8),('5N4325',8),('5N0690',9),('5N0737',9),('5N1356',9),('5N1833',9),('5N2006',9),('5N2746',9),('5N2748',9),('5N5245',9),('5N0690',10),('5N0749',10),('5N0758',10),('5N1356',10),('5N1794',10),('5N3707',10),('5N3734',10),('5N3765',10),('5N3766',10),('5N0690',11),('5N0749',11),('5N0758',11),('5N1394',11),('5N1794',11),('5N3707',11),('5N3734',11),('5N3770',11),('5N3771',11),('5N0755',12),('5N0761',12),('5N1302',12),('5N1356',12),('5N1373',12),('5N1615',12),('5N1862',12),('5N1918',12),('5N0690',13),('5N0755',13),('5N0764',13),('5N0784',13),('5N1292',13),('5N1356',13),('5N1862',13),('5N1919',13),('5N0690',14),('5N0754',14),('5N0758',14),('5N0765',14),('5N1279',14),('5N1356',14),('5N1370',14),('5N1837',14),('5N0690',15),('5N0758',15),('5N1279',15),('5N1356',15),('5N1652',15),('5N1709',15),('5N1764',15),('5N1786',15),('4N1112',16),('4N1125',16),('5N0690',16),('5N0754',16),('5N1358',16),('5N1370',16),('5N1444',16),('5N1977',16),('5N2985',16),('5N3113',16),('5N0690',17),('5N1279',17),('5N1356',17),('5N1366',17),('5N1370',17),('5N1384',17),('5N2002',17),('5N2107',17),('5N0690',18),('5N0758',18),('5N1279',18),('5N1356',18),('5N1652',18),('5N1709',18),('5N1764',18),('5N1786',18),('6N1949',19),('6N1950',19),('6N3911',19),('6N3926',19),('6N4089',19),('6N4188',19),('6N4310',19),('6N4485',19),('6N1949',20),('6N1950',20),('6N3750',20),('6N3911',20),('6N3926',20),('6N4089',20),('6N4310',20),('6N4485',20),('5N1405',21),('6N1949',21),('6N1950',21),('6N3750',21),('6N3926',21),('6N4089',21),('6N4310',21),('6N4485',21),('6N1949',22),('6N1950',22),('6N3750',22),('6N3911',22),('6N3926',22),('6N4045',22),('6N4310',22),('6N4485',22),('5N0690',23),('5N1348',23),('5N1354',23),('5N1356',23),('5N1358',23),('5N1546',23),('5N1610',23),('5N1977',23),('5N0690',24),('5N1354',24),('5N1356',24),('5N1358',24),('5N1400',24),('5N1546',24),('5N1610',24),('5N1977',24),('5N0690',25),('5N1354',25),('5N1356',25),('5N1358',25),('5N1400',25),('5N1610',25),('5N1619',25),('5N1977',25),('5N0690',26),('5N1356',26),('5N1358',26),('5N1394',26),('5N1794',26),('5N2091',26),('5N2107',26),('5N3787',26),('4N1112',27),('4N1113',27),('5N0690',27),('5N1354',27),('5N1356',27),('5N1358',27),('5N1389',27),('5N1394',27),('5N1422',27),('5N1977',27),('5N2428',27),('4N1112',28),('4N1113',28),('5N0690',28),('5N1354',28),('5N1356',28),('5N1358',28),('5N1389',28),('5N1422',28),('5N1977',28),('5N0690',29),('5N1356',29),('5N1358',29),('5N1394',29),('5N1794',29),('5N2091',29),('5N2107',29),('5N3787',29),('6N1946',30),('6N1948',30),('6N3446',30),('6N3480',30),('6N3567',30),('6N3608',30),('6N3612',30),('5N0690',31),('5N0755',31),('5N0784',31),('5N1276',31),('5N1356',31),('5N1445',31),('5N1862',31),('5N3845',31),('5N0690',32),('5N0755',32),('5N0784',32),('5N1276',32),('5N1356',32),('5N1445',32),('5N1862',32),('5N3845',32),('5N0749',34),('5N0972',34),('5N1356',34),('5N1619',34),('5N3465',34),('5N3466',34),('5N3467',34),('5N3470',34),('5N0972',36),('5N1356',36),('5N1794',36),('5N3345',36),('5N3346',36),('5N3349',36),('5N3384',36),('5N0972',37),('5N1356',37),('5N1794',37),('5N3345',37),('5N3346',37),('5N3348',37),('5N3349',37),('5N0541',40),('5N0690',40),('5N1292',40),('5N1299',40),('5N1356',40),('5N1605',40),('5N1651',40),('5N2148',40),('5N5029',40),('5N0690',41),('5N1301',41),('5N1356',41),('5N1374',41),('5N1458',41),('5N1640',41),('5N1849',41),('5N1900',41),('5N0690',42),('5N1356',42),('5N1379',42),('5N1564',42),('5N1605',42),('5N1640',42),('5N1900',42),('5N2148',42),('5N0690',43),('5N1356',43),('5N2006',43),('5N2667',43),('5N2668',43),('5N4646',43),('5N4648',43),('5N5665',43),('5N0792',44),('5N1356',44),('5N2667',44),('5N2668',44),('5N3770',44),('5N3771',44),('5N4648',44),('5N5665',44),('5N0690',45),('5N1356',45),('5N1558',45),('5N1570',45),('5N1604',45),('5N1794',45),('5N1833',45),('5N1999',45),('5N4974',45),('5N0690',46),('5N0784',46),('5N1356',46),('5N1558',46),('5N1570',46),('5N1604',46),('5N1794',46),('5N1833',46),('5N1999',46),('5N4975',46),('5N0690',47),('5N0784',47),('5N1356',47),('5N1558',47),('5N1570',47),('5N1604',47),('5N1794',47),('5N1833',47),('5N1999',47),('5N4975',47),('5N0690',48),('5N0784',48),('5N1356',48),('5N1558',48),('5N1570',48),('5N1604',48),('5N1794',48),('5N1833',48),('5N1999',48),('5N4975',48);
/*!40000 ALTER TABLE `course_has_module` ENABLE KEYS */;
UNLOCK TABLES;

--
-- Table structure for table `module`
--

DROP TABLE IF EXISTS `module`;
/*!40101 SET @saved_cs_client     = @@character_set_client */;
/*!50503 SET character_set_client = utf8mb4 */;
CREATE TABLE `module` (
  `qqi_module_code` varchar(45) NOT NULL,
  `module_name` varchar(45) DEFAULT NULL,
  `credits` int DEFAULT NULL,
  `staff_id` int NOT NULL,
  PRIMARY KEY (`qqi_module_code`),
  KEY `fk_module_staff1_idx` (`staff_id`),
  CONSTRAINT `fk_module_staff1` FOREIGN KEY (`staff_id`) REFERENCES `staff` (`staff_id`) ON DELETE CASCADE
) ENGINE=InnoDB DEFAULT CHARSET=utf8mb4 COLLATE=utf8mb4_0900_ai_ci;
/*!40101 SET character_set_client = @saved_cs_client */;

--
-- Dumping data for table `module`
--

LOCK TABLES `module` WRITE;
/*!40000 ALTER TABLE `module` DISABLE KEYS */;
INSERT INTO `module` VALUES ('4N1112','Computer Applications',20,10),('4N1113','Data Entry',NULL,9),('4N1125','Information Technology Skills',20,10),('5N0540','Television and Film Editing',20,10),('5N0541','Object Oriented Programming',20,1),('5N0580','Mobile Technologies',20,6),('5N0627','Film Production',20,6),('5N0690','Communications',20,2),('5N0737','Microbiology',20,8),('5N0749','Anatomy & Physiology',20,8),('5N0750','Animal Anatomy and Physiology',20,8),('5N0752','Animal Grooming',20,1),('5N0753','Animal Welfare',20,4),('5N0754','Psychology',20,9),('5N0755','Appreciation of Art, Craft & Design',20,9),('5N0758','Care Support',20,5),('5N0761','Collage Techniques',20,10),('5N0764','Combined Materials',20,1),('5N0765','Intercultural Studies',20,1),('5N0783','Database Methods',20,9),('5N0784','Design Skills',20,7),('5N0792','Customer Service',NULL,3),('5N0972','Customer Service',20,7),('5N1276','Garment Construction',NULL,8),('5N1279','Human Growth & Development',20,7),('5N1292','Image Processing',20,8),('5N1299','Multimedia Authoring',20,1),('5N1301','Music Performance',NULL,5),('5N1302','Painting',20,1),('5N1348','Accounting Manual & Computerised',NULL,2),('5N1354','Bookkeeping Manual & Computerised',NULL,6),('5N1356','Work Experience',20,3),('5N1358','Word Processing',20,5),('5N1363','Veterinary Assisting Skills',20,6),('5N1366','Understanding Youth Work',20,10),('5N1367','Team working',NULL,9),('5N1370','Social Studies',20,8),('5N1373','Printmaking',20,6),('5N1374','Event Production',NULL,2),('5N1379','Radio Programme Production',NULL,10),('5N1384','Working with Young People',20,6),('5N1389','Information & Administration',NULL,9),('5N1394','Work Experience (Legal/Physio)',20,3),('5N1400','Marketing Practice',NULL,4),('5N1405','Public Relations',NULL,6),('5N1422','Text Production',NULL,5),('5N1444','European Studies',20,7),('5N1445','Fashion Buying and Merchandise',NULL,10),('5N1458','Music Industry Studies',NULL,1),('5N1546','Payroll Manual & Computerised',NULL,9),('5N1558','Architectural Drawing',NULL,7),('5N1564','Audio Engineering',NULL,2),('5N1570','Building Construction',NULL,5),('5N1590','Cinematography Camera Operations',20,4),('5N1604','Computer Aided Draughting (CAD)',NULL,10),('5N1605','Digital Movie Processing',20,1),('5N1610','Business Administration Skills',NULL,2),('5N1615','Problem Solving',20,4),('5N1619','Retail Selling',20,3),('5N1640','Music Technology',NULL,4),('5N1651','Games Analysis Design',20,3),('5N1652','Intellectual Disability Studies',20,9),('5N1709','Understanding Special Needs',20,7),('5N1764','Child Development',20,4),('5N1786','Special Needs Assisting',20,1),('5N1794','Safety & Health at Work',20,9),('5N1833','Mathematics',20,5),('5N1837','Political Studies',20,4),('5N18396','Maths for Information Technology',NULL,9),('5N18476','Script Writing',NULL,6),('5N1849','Music Theory and Practice',NULL,8),('5N1862','Drawing',20,5),('5N1900','Sound Engineering & Production',NULL,2),('5N1918','Sculpture',20,8),('5N1919','Colour & Light',20,5),('5N1977','Spreadsheet Methods',20,5),('5N1999','Wood Fabrication',NULL,6),('5N2002','Young People and Society',20,5),('5N2006','Nutrition',20,7),('5N2091','Business Law',20,1),('5N2107','Criminology',20,4),('5N2148','Desktop Multimedia Audio Production',20,9),('5N2428','Medical Terminology',NULL,8),('5N2667','Sport and Recreation Studies',NULL,9),('5N2668','Exercise and Fitness',NULL,8),('5N2705','Care Provision & Practice',20,1),('5N2706','Care of the Older Person',20,4),('5N2746','Biology',20,6),('5N2748','Food Chemistry',20,2),('5N2770','Care Skills',20,6),('5N2772','Software Architecture',NULL,8),('5N2927','Programming & Design Principles',NULL,8),('5N2985','Personal and Professional Development',20,6),('5N3113','Research and Study Skills',20,1),('5N3344','Hairdressing Science',NULL,2),('5N3345','Maintain Health & Safety in the Salon',NULL,8),('5N3346','Working in Hairdressing',NULL,9),('5N3347','Client Consultation for Hairdressing Services',NULL,5),('5N3348','Shampoo and Condition the Hair and Scalp',NULL,1),('5N3349','Cut Women\'s Hair',NULL,8),('5N3350','Style & Dress Women\'s Hair',NULL,8),('5N3351','Colour Hair',NULL,6),('5N3352','Perm & Neutralise Hair',NULL,3),('5N3384','Barbering Techniques',NULL,3),('5N3465','Body Massage & Figure Analysis',20,8),('5N3466','Skincare Eye Treatments & Make-up',20,2),('5N3467','Manicure Pedicure & Waxing',20,3),('5N3468','Hand and Nail Treatments',NULL,1),('5N3469','Waxing',NULL,6),('5N3470','Beauty Industry Ethics & Practice',20,9),('5N3471','Working in Beauty Related Industries',NULL,3),('5N3506','Creative Styling',NULL,10),('5N3507','Plaiting & Twisting',NULL,8),('5N3508','Promote Products and Services to Clients',NULL,9),('5N3707','Activities of Living Patient Care',20,9),('5N3734','Infection Prevention and Control',20,10),('5N3765','Occupational Therapy Assistant Practice',20,1),('5N3766','Occupational Therapy Assistant Theory',20,9),('5N3770','Physiotherapy Assistant Practice',20,4),('5N3771','Physiotherapy Assistant Theory',20,10),('5N3787','Criminal Law',20,5),('5N3845','Fashion Industry & Design Studies',NULL,8),('5N4325','Nursing Theory & Practice',20,1),('5N4633','Fashion and Photographic Make-up',NULL,6),('5N4646','Adventure Activities',NULL,10),('5N4648','Sports Anatomy & Physiology',NULL,6),('5N4890','Emergency Department Care Skills',20,7),('5N4974','Building Services',NULL,9),('5N4975','Renewable Energy Systems',NULL,8),('5N5029','3D Computer Graphics',20,1),('5N5245','Food Processing',20,4),('5N5665','Sport & Exercise Injury Prevention',NULL,1),('6N1946','Work Experience',20,3),('6N1948','Team Leadership',NULL,4),('6N1949','Personal & Professional Development',20,3),('6N1950','Communications',20,2),('6N3446','Design Skills',NULL,6),('6N3474','Laser and Intense Pulsed Light Treatments',NULL,10),('6N3475','Skin Needling & Peeling',NULL,9),('6N3480','Illustration Techniques & Practices',NULL,2),('6N3512','Facial Electrical Treatments',NULL,6),('6N3513','Facial Aesthetics & Skin Analysis',NULL,10),('6N3567','Sales Presentation',NULL,4),('6N3608','Fashion Styling',NULL,10),('6N3612','Fashion Buying & Retailing',NULL,5),('6N3750','Human Resource Management',20,7),('6N3911','Computerised Accounts',20,1),('6N3926','International Marketing',20,8),('6N4045','Business Law',20,9),('6N4089','Spreadsheets',NULL,9),('6N4188','Marketing Management',NULL,6),('6N4310','Business Management',20,6),('6N4485','E-Business Studies',20,8),('6N5565','Animal Science and Health',20,1),('6N5568','Animal Behaviour',20,1),('6N5569','Humans, Animals and Society',20,1),('6N5585','Kennel and Cattery Management',20,1),('6N6226','Animal Grooming',20,4),('6N6228','Canine Obedience and Training',20,1);
/*!40000 ALTER TABLE `module` ENABLE KEYS */;
UNLOCK TABLES;

--
-- Table structure for table `staff`
--

DROP TABLE IF EXISTS `staff`;
/*!40101 SET @saved_cs_client     = @@character_set_client */;
/*!50503 SET character_set_client = utf8mb4 */;
CREATE TABLE `staff` (
  `staff_id` int NOT NULL AUTO_INCREMENT,
  `first_name` varchar(45) DEFAULT NULL,
  `middle_name` varchar(45) DEFAULT NULL,
  `surname` varchar(45) DEFAULT NULL,
  `address_line1` varchar(45) DEFAULT NULL,
  `address_line2` varchar(45) DEFAULT NULL,
  `county` varchar(45) DEFAULT NULL,
  `eircode` varchar(45) DEFAULT NULL,
  `email` varchar(45) DEFAULT NULL,
  `phone_number` varchar(45) DEFAULT NULL,
  `date_of_birth` date DEFAULT NULL,
  `ppsn` varchar(45) DEFAULT NULL,
  PRIMARY KEY (`staff_id`)
) ENGINE=InnoDB AUTO_INCREMENT=13 DEFAULT CHARSET=utf8mb4 COLLATE=utf8mb4_0900_ai_ci;
/*!40101 SET character_set_client = @saved_cs_client */;

--
-- Dumping data for table `staff`
--

LOCK TABLES `staff` WRITE;
/*!40000 ALTER TABLE `staff` DISABLE KEYS */;
INSERT INTO `staff` VALUES (1,'John','Michael','OConnor','12 Main Street','Apt 4','Galway','H91 F8D2','john.oconnor@email.com','0851234567','1990-05-12','1234567AB'),(2,'Sarah','Anne','Murphy','45 River Road',NULL,'Galway','D02 X285','sarah.murphy@email.com','0872345678','1988-11-22','2345678BC'),(3,'David','Patrick','Kelly','8 Green Park',NULL,'Cork','T12 C3K8','david.kelly@email.com','0863456789','1992-03-08','3456789CD'),(4,'Emma','Louise','Byrne','89 Oak Avenue','House B','Galway','W23 Y2C4','emma.byrne@email.com','0834567890','1995-07-19','4567890DE'),(5,'Liam','James','Doyle','3 Harbour View',NULL,'Waterford','X91 V2N4','liam.doyle@email.com','0895678901','1987-01-30','5678901EF'),(6,'Aoife','Marie','Walsh','22 Hill Road','Flat 2','Limerick','V94H6T8','aoife.walsh@email.com','0856789012','1993-09-14','6789012FG'),(7,'Patrick','Thomas','Ryan','15 Lake Drive',NULL,'Tipperary','E34 X2C9','patrick.ryan@email.com','0877890123','1985-12-05','7890123GH'),(8,'Niamh','Claire','Fitzgerald','60 College Street','Room 5','Cork','H91XY50','niamh.fitzgerald@email.com','0868901234','1996-06-27','8901234HJ'),(9,'Sean','Edward','McCarthy','101 Market Road',NULL,'Kerry','V92 YF8X','sean.mccarthy@email.com','0839012345','1989-02-18','9012345JK'),(10,'Laura','Beth','Higgins','9 Station Lane','Unit 3','Meath','A92 F3K7','laura.higgins@email.com','0890123456','1994-10-09','0123456KL');
/*!40000 ALTER TABLE `staff` ENABLE KEYS */;
UNLOCK TABLES;

--
-- Table structure for table `student`
--

DROP TABLE IF EXISTS `student`;
/*!40101 SET @saved_cs_client     = @@character_set_client */;
/*!50503 SET character_set_client = utf8mb4 */;
CREATE TABLE `student` (
  `student_id` int NOT NULL AUTO_INCREMENT,
  `class_group_code` int NOT NULL,
  `first_name` varchar(45) DEFAULT NULL,
  `middle_name` varchar(45) DEFAULT NULL,
  `surname` varchar(45) DEFAULT NULL,
  `address_line1` varchar(45) DEFAULT NULL,
  `address_line2` varchar(45) DEFAULT NULL,
  `county` varchar(45) DEFAULT NULL,
  `eircode` varchar(45) DEFAULT NULL,
  `email` varchar(100) DEFAULT NULL,
  `phone_number` varchar(45) DEFAULT NULL,
  `date_of_birth` date DEFAULT NULL,
  `ppsn` varchar(45) DEFAULT NULL,
  PRIMARY KEY (`student_id`),
  KEY `fk_student_class_group_idx` (`class_group_code`),
  CONSTRAINT `fk_student_class_group` FOREIGN KEY (`class_group_code`) REFERENCES `class_group` (`class_group_code`) ON DELETE CASCADE ON UPDATE CASCADE
) ENGINE=InnoDB AUTO_INCREMENT=943 DEFAULT CHARSET=utf8mb4 COLLATE=utf8mb4_0900_ai_ci;
/*!40101 SET character_set_client = @saved_cs_client */;

--
-- Dumping data for table `student`
--

LOCK TABLES `student` WRITE;
/*!40000 ALTER TABLE `student` DISABLE KEYS */;
INSERT INTO `student` VALUES (1,12,'Aisha','Noor','Khan','12 Shop Street',NULL,'Galway','H91 A1B2','aisha.khan@email.ie','0831000001','1999-03-11','1234567AA'),(2,4,'Mateo','Luis','Garcia','8 Eyre Square',NULL,'Galway','H91 B2C3','mateo.garcia@email.ie','0831000002','2001-07-19','1234567AB'),(3,27,'Wei','Jun','Chen','15 Dominick Street',NULL,'Galway','H91 C3D4','wei.chen@email.ie','0831000003','2000-11-02','1234567AC'),(4,18,'Fatima','Zahra','Hassan','44 Salthill Road',NULL,'Galway','H91 D4E5','fatima.hassan@email.ie','0831000004','1998-05-22','1234567AD'),(5,6,'Lucas','Andre','Silva','22 Prospect Hill',NULL,'Galway','H91 E5F6','lucas.silva@email.ie','0831000005','2002-02-10','1234567AE'),(6,33,'Amara','Nia','Okafor','7 University Road',NULL,'Galway','H91 F6G7','amara.okafor@email.ie','0831000006','1997-09-30','1234567AF'),(7,41,'Ivan','Sergei','Petrov','19 Newcastle Road',NULL,'Galway','H91 G7H8','ivan.petrov@email.ie','0831000007','1999-12-17','1234567AG'),(8,3,'Yuki','Hana','Tanaka','5 Quay Street',NULL,'Galway','H91 H8I9','yuki.tanaka@email.ie','0831000008','2001-04-05','1234567AH'),(9,22,'Noah','James','Murphy','28 Taylor Hill',NULL,'Galway','H91 I9J1','noah.murphy@email.ie','0831000009','2000-06-14','1234567AI'),(10,14,'Sara','Elena','Rossi','31 Headford Road',NULL,'Galway','H91 J1K2','sara.rossi@email.ie','0831000010','1998-08-29','1234567AJ'),(11,9,'Omar','Ali','Rahman','11 Bohermore',NULL,'Galway','H91 K2L3','omar.rahman@email.ie','0831000011','1999-01-12','1234567AK'),(12,45,'Liam','Patrick','OBrien','10 Ballybane Road',NULL,'Galway','H91 L3M4','liam.obrien@email.ie','0831000012','2002-03-27','1234567AL'),(13,21,'Sofia','Maria','Santos','4 Lough Atalia Road',NULL,'Galway','H91 M4N5','sofia.santos@email.ie','0831000013','2001-10-18','1234567AM'),(14,35,'Raj','Kumar','Patel','6 Rahoon Road',NULL,'Galway','H91 N5O6','raj.patel@email.ie','0831000014','1998-12-07','1234567AN'),(15,2,'Emma','Grace','Walsh','14 Seamus Quirke Road',NULL,'Galway','H91 O6P7','emma.walsh@email.ie','0831000015','2000-07-11','1234567AO'),(16,17,'Hassan','Mahmoud','Saleh','3 Knocknacarra Park',NULL,'Galway','H91 P7Q8','hassan.saleh@email.ie','0831000016','1999-02-23','1234567AP'),(17,30,'Alejandro','Jose','Torres','25 Mainguard Street',NULL,'Galway','H91 Q8R9','alejandro.torres@email.ie','0831000017','2001-09-09','1234567AQ'),(18,7,'Chloe','Anne','Doyle','16 Bishop O Donnell Road',NULL,'Galway','H91 R9S1','chloe.doyle@email.ie','0831000018','2002-05-13','1234567AR'),(19,48,'Samuel','David','Mensah','18 Ballybrit',NULL,'Galway','H91 S1T2','samuel.mensah@email.ie','0831000019','1997-04-17','1234567AS'),(20,25,'Ananya','Devi','Sharma','20 Circular Road',NULL,'Galway','H91 T2U3','ananya.sharma@email.ie','0831000020','1999-08-01','1234567AT'),(21,5,'Diego','Andres','Martinez','9 Eyre Square',NULL,'Galway','H91 A2B3','diego.martinez@email.ie','0831000021','2001-02-12','2234567AA'),(22,16,'Lin','Mei','Zhang','13 Dominick Street',NULL,'Galway','H91 B3C4','lin.zhang@email.ie','0831000022','1999-11-21','2234567AB'),(23,34,'Kwame','Yaw','Boateng','17 Salthill Road',NULL,'Galway','H91 C4D5','kwame.boateng@email.ie','0831000023','1998-04-08','2234567AC'),(24,8,'Elena','Sofia','Petrova','21 Prospect Hill',NULL,'Galway','H91 D5E6','elena.petrova@email.ie','0831000024','2000-09-03','2234567AD'),(25,29,'Hiro','Ken','Suzuki','3 Shop Street',NULL,'Galway','H91 E6F7','hiro.suzuki@email.ie','0831000025','2002-01-14','2234567AE'),(26,40,'Luca','Marco','Bianchi','6 Quay Street',NULL,'Galway','H91 F7G8','luca.bianchi@email.ie','0831000026','1997-06-19','2234567AF'),(27,11,'Zainab','Fatima','Ali','2 Newcastle Road',NULL,'Galway','H91 G8H9','zainab.ali@email.ie','0831000027','2001-10-25','2234567AG'),(28,23,'Carlos','Gonçalvez','Rodriguez','24 Taylor Hill',NULL,'Galway','H91 H9I1','carlos.rodriguez@email.ie','0831000028','2000-03-30','2234567AH'),(29,31,'Anna','Maria','Kowalska','15 Headford Road',NULL,'Galway','H91 I1J2','anna.kowalska@email.ie','0831000029','1999-12-10','2234567AI'),(30,44,'Mohamed','Youssef','Benali','8 Rahoon Road',NULL,'Galway','H91 J2K3','mohamed.benali@email.ie','0831000030','1998-07-04','2234567AJ'),(31,3,'Emily','Rose','Campbell','7 Ballybane Road',NULL,'Galway','H91 K3L4','emily.campbell@email.ie','0831000031','2001-05-22','2234567AK'),(32,27,'Arjun','Dev','Singh','19 University Road',NULL,'Galway','H91 L4M5','arjun.singh@email.ie','0831000032','2002-08-11','2234567AL'),(33,14,'Patrick','Sean','Kelly','26 Bohermore',NULL,'Galway','H91 M5N6','patrick.kelly@email.ie','0831000033','1997-02-18','2234567AM'),(34,36,'Leila','Nour','Farah','4 Knocknacarra Park',NULL,'Galway','H91 N6O7','leila.farah@email.ie','0831000034','1999-06-29','2234567AN'),(35,20,'Miguel','Angel','Lopez','30 Circular Road',NULL,'Galway','H91 O7P8','miguel.lopez@email.ie','0831000035','2000-10-07','2234567AO'),(36,41,'Grace','Anne','Sullivan','1 Mainguard Street',NULL,'Galway','H91 P8Q9','grace.sullivan@email.ie','0831000036','2001-03-13','2234567AP'),(37,12,'Ahmed','Karim','Hassan','22 Newcastle Road',NULL,'Galway','H91 Q9R1','ahmed.hassan@email.ie','0831000037','1998-11-27','2234567AQ'),(38,6,'Isabella','Lucia','Costa','18 Eyre Square',NULL,'Galway','H91 R1S2','isabella.costa@email.ie','0831000038','2002-04-02','2234567AR'),(39,45,'Daniel','Thomas','Brown','5 Prospect Hill',NULL,'Galway','H91 S2T3','daniel.brown@email.ie','0831000039','1999-01-09','2234567AS'),(40,24,'Ravi','Kiran','Reddy','12 University Road',NULL,'Galway','H91 T3U4','ravi.reddy@email.ie','0831000040','2000-12-15','2234567AT'),(41,10,'Nadia','Salma','ElSayed','9 Salthill Road',NULL,'Galway','H91 U4V5','nadia.elsayed@email.ie','0831000041','2001-09-14','2234567AU'),(42,32,'George','Michael','Papadopoulos','11 Shop Street',NULL,'Galway','H91 V5W6','george.papa@email.ie','0831000042','1997-07-21','2234567AV'),(43,37,'Yara','Lina','Haddad','3 Dominick Street',NULL,'Galway','H91 W6X7','yara.haddad@email.ie','0831000043','2002-02-05','2234567AW'),(44,15,'Samuel','Kwesi','Owusu','16 Taylor Hill',NULL,'Galway','H91 X7Y8','samuel.owusu@email.ie','0831000044','1998-08-18','2234567AX'),(45,26,'Olga','Irina','Smirnova','14 Headford Road',NULL,'Galway','H91 Y8Z9','olga.smirnova@email.ie','0831000045','2000-03-11','2234567AY'),(46,43,'Thiago','Henrique','Almeida','20 Prospect Hill',NULL,'Galway','H91 Z9A1','thiago.almeida@email.ie','0831000046','1999-05-24','2234567AZ'),(47,2,'Hana','Yumi','Kobayashi','7 Quay Street',NULL,'Galway','H91 A3B4','hana.kobayashi@email.ie','0831000047','2001-11-02','2234567BA'),(48,39,'Sergio','Luis','Navarro','6 Rahoon Road',NULL,'Galway','H91 B4C5','sergio.navarro@email.ie','0831000048','2002-06-08','2234567BB'),(49,18,'Aoife','Marie','Gallagher','5 Bohermore',NULL,'Galway','H91 C5D6','aoife.gallagher@email.ie','0831000049','1998-04-30','2234567BC'),(50,47,'Mustafa','Omar','Karim','10 Newcastle Road',NULL,'Galway','H91 D6E7','mustafa.karim@email.ie','0831000050','1999-09-01','2234567BD'),(51,9,'Lucia','Fernanda','Mendoza','21 Eyre Square',NULL,'Galway','H91 E7F8','lucia.mendoza@email.ie','0831000051','2000-01-19','2234567BE'),(52,28,'Jin','Woo','Park','2 Shop Street',NULL,'Galway','H91 F8G9','jin.park@email.ie','0831000052','2001-07-07','2234567BF'),(53,35,'Dmitri','Alexei','Volkov','18 Dominick Street',NULL,'Galway','H91 G9H1','dmitri.volkov@email.ie','0831000053','1997-12-12','2234567BG'),(54,13,'Farah','Amina','Saeed','23 Taylor Hill',NULL,'Galway','H91 H1I2','farah.saeed@email.ie','0831000054','2002-03-09','2234567BH'),(55,42,'Pedro','Antonio','Pereira','29 Prospect Hill',NULL,'Galway','H91 I2J3','pedro.pereira@email.ie','0831000055','1999-10-10','2234567BI'),(56,4,'Claire','Louise','Martin','9 Headford Road',NULL,'Galway','H91 J3K4','claire.martin@email.ie','0831000056','2001-04-28','2234567BJ'),(57,30,'Amin','Hussein','Rahimi','4 Rahoon Road',NULL,'Galway','H91 K4L5','amin.rahimi@email.ie','0831000057','2000-08-13','2234567BK'),(58,17,'Beatriz','Carla','Dominguez','8 University Road',NULL,'Galway','H91 L5M6','beatriz.dominguez@email.ie','0831000058','1998-02-26','2234567BL'),(59,38,'Victor','Hugo','Moreira','12 Circular Road',NULL,'Galway','H91 M6N7','victor.moreira@email.ie','0831000059','1997-05-05','2234567BM'),(60,22,'Noor','Yasmin','Abdullah','15 Mainguard Street',NULL,'Galway','H91 N7O8','noor.abdullah@email.ie','0831000060','2002-09-21','2234567BN'),(61,1,'Tom','Edward','Walker','7 Ballybane Road',NULL,'Galway','H91 O8P9','tom.walker@email.ie','0831000061','1999-06-02','2234567BO'),(62,46,'Marina','Elena','Popescu','18 Eyre Square',NULL,'Galway','H91 P9Q1','marina.popescu@email.ie','0831000062','2001-01-16','2234567BP'),(63,19,'Aditya','Raj','Verma','21 Prospect Hill',NULL,'Galway','H91 Q1R2','aditya.verma@email.ie','0831000063','2000-03-03','2234567BQ'),(64,7,'Bruno','Ricardo','Teixeira','3 Shop Street',NULL,'Galway','H91 R2S3','bruno.teixeira@email.ie','0831000064','1998-11-29','2234567BR'),(65,33,'Lina','Sofia','Morales','14 Dominick Street',NULL,'Galway','H91 S3T4','lina.morales@email.ie','0831000065','2002-07-07','2234567BS'),(66,48,'Yusuf','Kemal','Demir','16 Headford Road',NULL,'Galway','H91 T4U5','yusuf.demir@email.ie','0831000066','1997-10-25','2234567BT'),(67,11,'Marta','Isabel','Costa','12 University Road',NULL,'Galway','H91 U5V6','marta.costa@email.ie','0831000067','2001-12-01','2234567BU'),(68,25,'Chen','Li','Wang','9 Taylor Hill',NULL,'Galway','H91 V6W7','chen.wang@email.ie','0831000068','2000-02-17','2234567BV'),(69,36,'Joseph','Michael','Nguyen','6 Rahoon Road',NULL,'Galway','H91 W7X8','joseph.nguyen@email.ie','0831000069','1999-04-09','2234567BW'),(70,14,'Natalia','Ivana','Markovic','10 Bohermore',NULL,'Galway','H91 X8Y9','natalia.markovic@email.ie','0831000070','2002-08-08','2234567BX'),(71,28,'Abdul','Rahman','Qureshi','17 Eyre Square','Eyre Square','Galway','H91Y9Z1','abdul.qureshi@email.ie','0831000071','1998-01-31','2234567BY'),(72,6,'Sophie','Claire','Dubois','8 Shop Street',NULL,'Galway','H91 Z1A2','sophie.dubois@email.ie','0831000072','2001-05-14','2234567BZ'),(73,31,'Daniel','Jose','Castillo','13 Prospect Hill',NULL,'Galway','H91 A4B5','daniel.castillo@email.ie','0831000073','2000-09-18','2234567CA'),(74,23,'Fatou','Aissatou','Diop','15 Salthill Road',NULL,'Galway','H91 B5C6','fatou.diop@email.ie','0831000074','1997-12-05','2234567CB'),(75,41,'Aleksandar','Ivan','Petrovic','6 Dominick Street',NULL,'Galway','H91 C6D7','aleks.petrovic@email.ie','0831000075','1999-06-20','2234567CC'),(76,8,'Maria','Luisa','Gomez','19 Taylor Hill',NULL,'Galway','H91 D7E8','maria.gomez@email.ie','0831000076','2001-03-01','2234567CD'),(77,37,'Kenji','Takumi','Yamamoto','5 Quay Street',NULL,'Galway','H91 E8F9','kenji.yamamoto@email.ie','0831000077','2002-11-11','2234567CE'),(78,12,'Ryan','Patrick','McCarthy','22 Headford Road',NULL,'Galway','H91 F9G1','ryan.mccarthy@email.ie','0831000078','1998-07-27','2234567CF'),(79,44,'Huda','Salim','AlHarbi','7 Rahoon Road',NULL,'Galway','H91 G1H2','huda.alharbi@email.ie','0831000079','1999-08-19','2234567CG'),(80,20,'Paulo','Roberto','Ferreira','30 Circular Road',NULL,'Galway','H91 H2I3','paulo.ferreira@email.ie','0831000080','2000-10-04','2234567CH'),(81,16,'Elif','Naz','Yildiz','12 Eyre Square',NULL,'Galway','H91 I3J4','elif.yildiz@email.ie','0831000081','2001-02-22','2234567CI'),(83,27,'Sara','Leila','Hamdan','10 Prospect Hill',NULL,'Galway','H91 K5L6','sara.hamdan@email.ie','0831000083','2002-01-30','2234567CK'),(84,5,'John','David','Smith','4 Dominick Street',NULL,'Galway','H91 L6M7','john.smith@email.ie','0831000084','1998-03-13','2234567CL'),(85,39,'Ibrahim','Khalid','Mahmoud','9 Taylor Hill',NULL,'Galway','H91 M7N8','ibrahim.mahmoud@email.ie','0831000085','1999-11-17','2234567CM'),(86,22,'Fernanda','Luiza','Carvalho','21 Eyre Square',NULL,'Galway','H91 N8O9','fernanda.carvalho@email.ie','0831000086','2000-04-24','2234567CN'),(87,47,'Lukas','Andrej','Novak','11 Headford Road',NULL,'Galway','H91 O9P1','lukas.novak@email.ie','0831000087','2001-07-28','2234567CO'),(88,2,'Mei','Ling','Liu','3 Shop Street',NULL,'Galway','H91 P1Q2','mei.liu@email.ie','0831000088','1998-02-02','2234567CP'),(89,43,'Carlos','Eduardo','Mora','14 Salthill Road',NULL,'Galway','H91 Q2R3','carlos.mora@email.ie','0831000089','2002-05-19','2234567CQ'),(90,33,'Helena','Katarina','Horvat','6 Rahoon Road',NULL,'Galway','H91 R3S4','helena.horvat@email.ie','0831000090','1999-09-09','2234567CR'),(91,18,'Samuel','George','Johnson','19 Prospect Hill',NULL,'Galway','H91 S4T5','samuel.johnson@email.ie','0831000091','2000-12-23','2234567CS'),(92,7,'Amina','Sadia','Chowdhury','5 Dominick Street',NULL,'Galway','H91 T5U6','amina.chowdhury@email.ie','0831000092','2001-03-07','2234567CT'),(93,26,'Ricardo','Alberto','Ramos','10 Eyre Square',NULL,'Galway','H91 U6V7','ricardo.ramos@email.ie','0831000093','1997-11-18','2234567CU'),(94,45,'Mikhail','Anton','Sokolov','16 Taylor Hill',NULL,'Galway','H91 V7W8','mikhail.sokolov@email.ie','0831000094','1998-08-14','2234567CV'),(95,13,'Luc','Pierre','Bernard','8 Shop Street',NULL,'Galway','H91 W8X9','luc.bernard@email.ie','0831000095','2002-02-06','2234567CW'),(96,40,'Andres','Felipe','Castro','23 Prospect Hill',NULL,'Galway','H91 X9Y1','andres.castro@email.ie','0831000096','2000-06-16','2234567CX'),(97,21,'Rania','Mariam','Khalil','12 Salthill Road',NULL,'Galway','H91 Y1Z2','rania.khalil@email.ie','0831000097','1999-04-03','2234567CY'),(98,29,'Tomasz','Piotr','Nowak','15 Headford Road',NULL,'Galway','H91 Z2A3','tomasz.nowak@email.ie','0831000098','2001-08-22','2234567CZ'),(99,34,'Joana','Beatriz','Figueiredo','7 Rahoon Road',NULL,'Galway','H91 A5B6','joana.figueiredo@email.ie','0831000099','1998-12-01','2234567DA'),(100,48,'David','Samuel','Anderson','18 Eyre Square',NULL,'Galway','H91 B6C7','david.anderson@email.ie','0831000100','2000-05-11','2234567DB'),(101,3,'Yusuf','Ali','Khan','21 Dominick Street',NULL,'Galway','H91 C7D8','yusuf.khan@email.ie','0831000101','1999-07-15','2234567DC'),(102,24,'Julia','Sofia','Martins','4 Prospect Hill',NULL,'Galway','H91 D8E9','julia.martins@email.ie','0831000102','2001-09-03','2234567DD'),(103,15,'Kofi','Mensah','Addo','9 Eyre Square',NULL,'Galway','H91 E9F1','kofi.addo@email.ie','0831000103','1998-01-28','2234567DE'),(104,38,'Hassan','Omar','Yasin','12 Shop Street',NULL,'Galway','H91 F1G2','hassan.yasin@email.ie','0831000104','2000-10-30','2234567DF'),(105,42,'Ana','Clara','Souza','16 Taylor Hill',NULL,'Galway','H91 G2H3','ana.souza@email.ie','0831000105','2002-06-12','2234567DG'),(106,9,'Igor','Nikolai','Kuznetsov','6 Headford Road',NULL,'Galway','H91 H3I4','igor.kuznetsov@email.ie','0831000106','1997-03-18','2234567DH'),(107,31,'Salma','Nadia','Rahimi','13 Prospect Hill',NULL,'Galway','H91 I4J5','salma.rahimi@email.ie','0831000107','1999-11-09','2234567DI'),(108,20,'Diego','Fernando','Santos','22 Dominick Street',NULL,'Galway','H91 J5K6','diego.santos@email.ie','0831000108','2001-04-07','2234567DJ'),(109,11,'Emma','Charlotte','White','5 Eyre Square',NULL,'Galway','H91 K6L7','emma.white@email.ie','0831000109','2000-08-25','2234567DK'),(110,46,'Farid','Karim','Abbas','7 Shop Street',NULL,'Galway','H91 L7M8','farid.abbas@email.ie','0831000110','1998-09-14','2234567DL'),(111,28,'Gabriel','Mateus','Oliveira','15 Prospect Hill',NULL,'Galway','H91 M8N9','gabriel.oliveira@email.ie','0831000111','2002-01-17','2234567DM'),(112,36,'Laila','Yasmin','Hussein','8 Taylor Hill',NULL,'Galway','H91 N9O1','laila.hussein@email.ie','0831000112','2001-06-20','2234567DN'),(113,4,'Sean','Patrick','Daly','11 Headford Road',NULL,'Galway','H91 O1P2','sean.daly@email.ie','0831000113','1999-12-02','2234567DO'),(114,19,'Marco','Antonio','Ricci','3 Rahoon Road',NULL,'Galway','H91 P2Q3','marco.ricci@email.ie','0831000114','1997-07-29','2234567DP'),(115,37,'Chen','Xiao','Li','14 Eyre Square',NULL,'Galway','H91 Q3R4','chen.li@email.ie','0831000115','2000-02-11','2234567DQ'),(116,8,'Daniela','Rosa','Torres','18 Prospect Hill',NULL,'Galway','H91 R4S5','daniela.torres@email.ie','0831000116','2001-05-06','2234567DR'),(117,41,'Abdullah','Hassan','AlFarsi','6 Dominick Street',NULL,'Galway','H91 S5T6','abdullah.alfarsi@email.ie','0831000117','1998-10-19','2234567DS'),(118,26,'Patrick','Liam','Ryan','12 Taylor Hill',NULL,'Galway','H91 T6U7','patrick.ryan@email.ie','0831000118','2002-03-24','2234567DT'),(119,32,'Yuki','Sora','Ito','9 Shop Street',NULL,'Galway','H91 U7V8','yuki.ito@email.ie','0831000119','2000-06-05','2234567DU'),(120,47,'Miguel','Jose','Herrera','21 Eyre Square',NULL,'Galway','H91 V8W9','miguel.herrera@email.ie','0831000120','1999-08-31','2234567DV'),(121,6,'Tom','Edward','Hughes','19 Eyre Square',NULL,'Galway','H91 U4E5','[tom.hughes@email.ie](mailto:tom.hughes@email.ie)','0832000121','1999-02-13','2234567AU'),(122,15,'Amina','Salma','Mohamed','7 Shop Street',NULL,'Galway','H91 V5F6','[amina.mohamed@email.ie](mailto:amina.mohamed@email.ie)','0832000122','2000-09-29','2234567AV'),(123,42,'Victor','Luis','Fernandez','9 Quay Street',NULL,'Galway','H91 W6G7','[victor.fernandez@email.ie](mailto:victor.fernandez@email.ie)','0832000123','1998-06-18','2234567AW'),(124,23,'Sven','Karl','Johansson','25 Dominick Street',NULL,'Galway','H91 X7H8','[sven.johansson@email.ie](mailto:sven.johansson@email.ie)','0832000124','2002-01-07','2234567AX'),(125,11,'Grace','Mary','Kelly','5 Prospect Hill',NULL,'Galway','H91 Y8I9','[grace.kelly@email.ie](mailto:grace.kelly@email.ie)','0832000125','2001-08-25','2234567AY'),(126,39,'Chen','Li','Wang','14 Newcastle Road',NULL,'Galway','H91 Z9J1','[chen.wang@email.ie](mailto:chen.wang@email.ie)','0832000126','1997-10-12','2234567AZ'),(127,29,'David','Paul','Anderson','33 Salthill Road',NULL,'Galway','H91 A1K2','[david.anderson@email.ie](mailto:david.anderson@email.ie)','0832000127','1999-11-02','2234567BA'),(128,34,'Nadia','Yasmin','Rahman','8 Taylor Hill',NULL,'Galway','H91 B2L3','[nadia.rahman@email.ie](mailto:nadia.rahman@email.ie)','0832000128','2001-04-19','2234567BB'),(129,16,'Pedro','Henrique','Costa','17 Bohermore',NULL,'Galway','H91 C3M4','[pedro.costa@email.ie](mailto:pedro.costa@email.ie)','0832000129','2000-07-30','2234567BC'),(130,44,'Elena','Sofia','Popescu','12 University Road',NULL,'Galway','H91 D4N5','[elena.popescu@email.ie](mailto:elena.popescu@email.ie)','0832000130','1998-03-05','2234567BD'),(131,8,'John','Liam','McCarthy','20 Rahoon Road',NULL,'Galway','H91 E5O6','[john.mccarthy@email.ie](mailto:john.mccarthy@email.ie)','0832000131','2002-06-11','2234567BE'),(132,24,'Priyanka','Devi','Shah','9 Headford Road',NULL,'Galway','H91 F6P7','[priyanka.shah@email.ie](mailto:priyanka.shah@email.ie)','0832000132','1999-01-28','2234567BF'),(133,47,'Mohamed','Ali','Farah','3 Ballybane Road',NULL,'Galway','H91 G7Q8','[mohamed.farah@email.ie](mailto:mohamed.farah@email.ie)','0832000133','2001-10-04','2234567BG'),(134,13,'Chiara','Maria','Ferrari','18 Lough Atalia Road',NULL,'Galway','H91 H8R9','[chiara.ferrari@email.ie](mailto:chiara.ferrari@email.ie)','0832000134','1997-12-09','2234567BH'),(135,5,'Andrei','Ion','Ionescu','7 Mainguard Street',NULL,'Galway','H91 I9S1','[andrei.ionescu@email.ie](mailto:andrei.ionescu@email.ie)','0832000135','2000-05-17','2234567BI'),(136,37,'Hannah','Louise','Clarke','15 Ballybrit',NULL,'Galway','H91 J1T2','[hannah.clarke@email.ie](mailto:hannah.clarke@email.ie)','0832000136','2002-03-22','2234567BJ'),(137,20,'Abdul','Rahim','Khan','11 Circular Road','','Galway','H91K2U3','abdul.khan@email.ie','0832000137','1999-06-03','2234567BK'),(138,10,'Marina','Ana','Pereira','4 Knocknacarra Park',NULL,'Galway','H91 L3V4','[marina.pereira@email.ie](mailto:marina.pereira@email.ie)','0832000138','2001-09-14','2234567BL'),(139,40,'Jonas','Erik','Larsson','27 Seamus Quirke Road',NULL,'Galway','H91 M4W5','[jonas.larsson@email.ie](mailto:jonas.larsson@email.ie)','0832000139','1998-02-08','2234567BM'),(140,26,'Ava','Nicole','Thompson','2 Bishop O Donnell Road',NULL,'Galway','H91 N5X6','[ava.thompson@email.ie](mailto:ava.thompson@email.ie)','0832000140','2000-11-29','2234567BN'),(141,7,'Sean','Patrick','Daly','14 Eyre Square',NULL,'Galway','H91 A2K3','[sean.daly@email.ie](mailto:sean.daly@email.ie)','0832000101','1999-01-12','2234567AA'),(142,12,'Lina','Marie','Dubois','9 Quay Street',NULL,'Galway','H91 B3L4','[lina.dubois@email.ie](mailto:lina.dubois@email.ie)','0832000102','2000-05-18','2234567AB'),(143,3,'Ahmed','Karim','Youssef','22 Dominick Street',NULL,'Galway','H91 C4M5','[ahmed.youssef@email.ie](mailto:ahmed.youssef@email.ie)','0832000103','1998-07-03','2234567AC'),(144,19,'Emily','Rose','Taylor','5 Shop Street',NULL,'Galway','H91 D5N6','[emily.taylor@email.ie](mailto:emily.taylor@email.ie)','0832000104','2001-02-11','2234567AD'),(145,41,'Carlos','Miguel','Rodriguez','11 Prospect Hill','','Galway','H91E6O7','carlos.rodriguez@email.ie','0832000105','1997-09-27','2234567AE'),(146,22,'Mei','Lin','Zhang','7 Newcastle Road',NULL,'Galway','H91 F7P8','[mei.zhang@email.ie](mailto:mei.zhang@email.ie)','0832000106','2002-04-15','2234567AF'),(147,9,'Daniel','James','Smith','31 Salthill Road',NULL,'Galway','H91 G8Q9','[daniel.smith@email.ie](mailto:daniel.smith@email.ie)','0832000107','2000-08-09','2234567AG'),(148,33,'Fatou','Aminata','Diop','18 Taylor Hill',NULL,'Galway','H91 H9R1','[fatou.diop@email.ie](mailto:fatou.diop@email.ie)','0832000108','1999-03-22','2234567AH'),(149,2,'Luca','Marco','Bianchi','16 Bohermore',NULL,'Galway','H91 I1S2','[luca.bianchi@email.ie](mailto:luca.bianchi@email.ie)','0832000109','2001-12-01','2234567AI'),(150,28,'Hiro','Ken','Sato','4 University Road',NULL,'Galway','H91 J2T3','[hiro.sato@email.ie](mailto:hiro.sato@email.ie)','0832000110','1998-10-30','2234567AJ'),(151,14,'Sofia','Elena','Petrova','20 Rahoon Road',NULL,'Galway','H91 K3U4','[sofia.petrova@email.ie](mailto:sofia.petrova@email.ie)','0832000111','2000-01-19','2234567AK'),(152,45,'Jacob','Michael','Brown','8 Headford Road',NULL,'Galway','H91 L4V5','[jacob.brown@email.ie](mailto:jacob.brown@email.ie)','0832000112','1999-07-12','2234567AL'),(153,17,'Anika','Priya','Reddy','12 Ballybane Road',NULL,'Galway','H91 M5W6','[anika.reddy@email.ie](mailto:anika.reddy@email.ie)','0832000113','2002-02-25','2234567AM'),(154,36,'George','Alex','Papadopoulos','6 Lough Atalia Road',NULL,'Galway','H91 N6X7','[george.papadopoulos@email.ie](mailto:george.papadopoulos@email.ie)','0832000114','1997-11-11','2234567AN'),(155,1,'Olivia','Mae','Wilson','21 Mainguard Street',NULL,'Galway','H91 O7Y8','[olivia.wilson@email.ie](mailto:olivia.wilson@email.ie)','0832000115','2001-06-14','2234567AO'),(156,25,'Ali','Hassan','Al-Sayed','15 Ballybrit',NULL,'Galway','H91 P8Z9','[ali.alsayed@email.ie](mailto:ali.alsayed@email.ie)','0832000116','1998-04-07','2234567AP'),(157,38,'Mateusz','Jan','Nowak','10 Circular Road',NULL,'Galway','H91 Q9A1','[mateusz.nowak@email.ie](mailto:mateusz.nowak@email.ie)','0832000117','1999-09-03','2234567AQ'),(158,4,'Laura','Anne','Murphy','13 Knocknacarra Park',NULL,'Galway','H91 R1B2','[laura.murphy@email.ie](mailto:laura.murphy@email.ie)','0832000118','2000-03-16','2234567AR'),(159,31,'Kwame','Yaw','Boateng','27 Seamus Quirke Road',NULL,'Galway','H91 S2C3','[kwame.boateng@email.ie](mailto:kwame.boateng@email.ie)','0832000119','1997-12-21','2234567AS'),(160,48,'Isabella','Rosa','Martinez','3 Bishop O Donnell Road',NULL,'Galway','H91 T3D4','[isabella.martinez@email.ie](mailto:isabella.martinez@email.ie)','0832000120','2001-05-06','2234567AT');
/*!40000 ALTER TABLE `student` ENABLE KEYS */;
UNLOCK TABLES;
/*!40103 SET TIME_ZONE=@OLD_TIME_ZONE */;

/*!40101 SET SQL_MODE=@OLD_SQL_MODE */;
/*!40014 SET FOREIGN_KEY_CHECKS=@OLD_FOREIGN_KEY_CHECKS */;
/*!40014 SET UNIQUE_CHECKS=@OLD_UNIQUE_CHECKS */;
/*!40101 SET CHARACTER_SET_CLIENT=@OLD_CHARACTER_SET_CLIENT */;
/*!40101 SET CHARACTER_SET_RESULTS=@OLD_CHARACTER_SET_RESULTS */;
/*!40101 SET COLLATION_CONNECTION=@OLD_COLLATION_CONNECTION */;
/*!40111 SET SQL_NOTES=@OLD_SQL_NOTES */;

-- Dump completed on 2026-04-07 19:12:26
